id,name,desc,gender,gs,raw_data
1,暖男音,NULL,0,1,"112.54982338641358
106.8169373793258
103.46689927454892
102.70587803413925
101.98654967273936
101.77370486780848
101.30537546146148
100.91865982533189
106.1377179376412
105.219729691216
104.7893634562183
119.3574403882784
116.94627583788228
114.657337996126
112.9794287278653
111.1767590386387
109.32692757986588
106.1888994256631
102.95486709046574
99.38489013818042
95.37698017201863
93.68059473834067
91.72668058087436
89.25965544145888
89.2283421944078
89.3132577411866
90.52160544840127
91.7069165795874
92.5355652640811
91.36827935829592
92.2892741997155
92.31544446744051
94.03954988588346
95.5370526660996
96.69943640351094
101.80479513368375
108.96697992839349
108.02449244454871
92.69677606151232
92.5874159362812
99.3725952947958
88.9975588585105
84.84238330816171
91.01816620996397
80.82273937293112
82.90361517371475
99.09193327081728
114.97482523342954
125.22464932095971
122.7738771568238
115.1019203250114
90.90468782276344
87.61846866981406
87.4795740215567
87.82463502465005
88.08379019994051
88.17993001721504
87.26591749013271
87.606996435085
87.09601251448396
86.85987543468296
86.94554718232948
86.60254933674855
85.73257643024698
86.36617375781529
86.27234857017794
88.34593696056163
88.5220369275542
82.5920201327152
97.37435956655492
97.41373472634174
94.51872614338778
92.69087813635856
92.78688893925572
92.91271608798816
92.41822805230876
91.18408625590492
89.2546529823353
89.0084919560074
87.26496092468656
87.24350644965071
87.95956979822901
87.64279674370648
116.61438122231328
115.59477774905004
112.49398539392143
109.40107631181944
106.40036599177002
102.2742921016986
103.08688862043982
101.63155470232824
99.87538083549136
101.24406020102631
98.18931315961424
109.999049449621
116.46986438097171
91.56416278453204
106.68089651762344
94.87808891027474
94.5459753546297
96.46598992741578
90.0504473827352
116.34653204931531
116.220269448105
114.44835864838288
109.5292738132946
104.66247642873267
118.76342034920842
116.78761970530644
115.93752638004996
115.1054324314214
114.99829575285771
114.77617157964568
115.6066330160712
114.799870537423
116.72466417553709
115.96278528521243
112.37025904299864
110.93747792320568
115.43709072063147
144.30537364595853
143.67870269919982
142.67545434333454
142.0165576078986
142.60571839359778
144.33859116389922
146.33276576964508
145.7896164870979
137.56300173499957
171.45562340982943
162.385013065552
155.12636268707672
147.62224193703787
139.70178631287064
130.30668258829178
121.57549261670256
111.92015412904986
100.91186151461837
98.16502340432116
103.52772971211398
100.21076340200018
90.14145087003824
89.27356443018978
82.8350861676027
89.49013303179267
89.63859277438749
90.1010441197404
92.65978870335115
96.45726779998613
91.12123906348398
88.41262365457101
89.79474123562488
87.87925770644013
86.63089369991638
97.04850073156506
89.75310173337927
88.93262231543814
88.61406454953493
87.62240736909412
86.63512556196324
86.52824537346778
86.87287294576352
87.10224059368981
86.70957977290183
86.45532093616225
85.37104594586644
89.75142668914917
92.4461711802732
94.54213417816244
92.1926128489825
90.78688907292045
86.76115337669508
84.46470412936343
89.65075912019216
106.11843529297646
99.11636841235304
92.84057158538984
87.15650981319914
85.7465911835956
85.51738497199204
80.01848231770924
83.14687303705368
82.952154926404
82.60128825944481
80.93730888498946
85.58119150606367
101.63859859038178
121.88602010981523
91.59887741306862
100.05099690996173
103.28724973243912
103.77580146013226
104.93208542922773
107.45875706405992
98.2637012071254
106.25409918014633
107.45280693454752
106.5555275369188
104.60758247455516
109.19658378054991
96.95638514043156
92.21212239744324
91.66256781555796
89.57239524803316
89.28069155412804
90.34962562380537
90.82143512311724
93.08211504376924
93.173633823525
91.73162441982994
92.36683379967045
91.45283085191292
92.27601980378851
92.54812157997958
92.75166653693904
93.03870305378466
93.29133263747312
93.48162246876004
92.45079294845338
94.92169797148703
94.64366511139644
94.99389039036444
95.99442671901272
96.4453750039556
96.96774492893852
96.91804055867436
95.81418689575092
97.42640639566004
96.4878037557608
95.7915541245662
94.41413533826903
94.00062934739368
93.2018593450828
94.03293533008886
97.36090993419496
86.9128497808142
101.5085237876954
92.86768376270116
92.70365788119176
95.77644904996389
102.48873689956112
100.68012669424849
99.972804650825
98.8459346784906
111.37257866577228
105.12954886765012
101.8609691419406
101.69690770653384
103.14670568168415
104.1779308435581
104.37347803189968
104.916495971475
104.70345391027423
106.28049197622693
106.80944915614964
106.7597959819402
105.95290995562272
106.34397024604014
106.45865946790911
104.96884135336347
105.06817077877268
104.24986159857528
102.45664421263122
104.82232269762665
108.83295554630892
99.90355454979031
109.9141952110894
127.0518143010711
126.0439516184964
88.32548363922214
91.83099083715535
100.12768748268608
85.76327489645882
89.1351765604025
84.26268065596717
84.11045155391469
85.87043185443152
116.1270318334636
121.0562628267655
109.14508151376792
105.29898320293596
110.38764010428476
109.4529861517362
108.91307706429468
108.70625478986506
109.24659904969924"
2,青叔音,NULL,0,1,"96.3876856315284
96.56090221242992
96.15817418629229
93.53549381921763
90.52074614382862
87.99300359823958
88.38396062416491
85.57936191580328
85.57302022522826
85.91113303758746
86.74598424185828
103.48060289523724
98.15618060100905
96.15248513757908
95.98373402730871
94.68402053298448
92.82489860374248
91.06401149276316
91.2884823543822
87.61566734668615
87.14486735451786
87.50774251031629
112.48077230225148
95.85449814921174
93.0785797797847
91.96048217033896
90.73836823040816
90.16443118922976
93.21755350037996
93.91655711494354
93.62661775750948
93.95705491346436
94.34243878445872
93.71856116812144
93.5957457878426
94.04334008931122
93.34704904396634
95.44771690190645
94.64723153856896
93.9105547311694
93.72791732174572
94.00468784969851
94.23712165094564
93.3521428659426
92.00918974560736
89.66701272355405
89.45682474924021
83.59395559807193
101.25718592593994
99.87162440726202
99.84246009195296
93.67921454984264
97.12241351675324
91.09098925620236
93.62106325621598
96.40825627873964
97.69240460515576
95.67993471390028
95.5820850274893
94.9431553800856
105.5247708729386
108.91407473082504
98.6392765021436
100.6731613231752
117.93271970154976
129.2614787739293
94.28057498577104
114.2330086796606
100.82492303826982
101.90074763487112
103.62531094792364
92.63695115859124
90.9708481888634
87.5865852446458
85.00034637754273
86.51004386828662
91.38671705457298
91.55319182684705
87.8990267141489
106.47913161050936
107.2541660640516
93.97156025650716
103.8494199221734
107.27557225500334
93.00583640465956
101.829991422561
116.13978715526666
97.93061551506028
92.42083918583704
97.41675686163302
101.67543400046516
96.9937699721928
99.5747013891421
98.36797865202507
105.85260655915884
94.13442122855224
102.10255077730832
95.30112869150068
96.47023958610175
94.97624245856838
94.64856489914224
95.05376597263292
127.589308419032
116.79606343749504
115.18244541007866
120.78803619601554
83.92501680036602
96.91284270000656
87.38904485035823
96.64121307062832
95.18646990145427
96.75283748870368
97.65518280726872
97.66038835511694
98.7477459290182
97.4967356139478
99.70918694017108
101.8620117804016
99.45058507692154
96.2114508731089
108.676256704131
104.31849900720474
108.14395166145628
111.60711847265074
101.49494867110322
91.7942295315505
88.73453782278112
85.02385925158251
89.61976792742045
89.0205799760001
108.53137342821034
115.86885324706368
128.96640329417545
129.72589068554095
91.64220525532514
98.38502102995896
92.39154705787392
90.37783493950376
98.25411488430508
103.75090231911956
103.14482329248068
91.37196162521988
96.74139627418845
95.79450940661012
85.6902865200389
118.14754799634898
114.59050003925849
120.80254849767036
117.84770012757475
98.42588925112594
120.83814291792962
117.69391824229568
123.24040520618848
124.36004217257344
109.14220699445512
103.93642603457911
99.07357815283044
104.74755953482176
97.84467540381448
97.07740122905965
99.13823648829576
98.94284059690432
104.72365059524395
104.47248189447524
106.57746269309264
107.00918139827914
108.9556382777376
111.34476682871036
114.682461550903
114.71327113946444
116.20426454085197
117.50720407307122
115.27133414923529
116.57306189353824
117.02744011477505
111.22948892485084
97.7971464804513
106.6663655594699
105.21596483103237
111.132588816814
117.2547993949295
111.38550211084184
107.14556883268892
106.05301722592893
105.5461860537522
105.51477316969026
104.71303715712853
104.63943725645252
105.33160834393568
105.93102255542937
106.77719259479083
107.52896614185656
108.3766283163998
108.67179045350696
110.53334852371736
111.39007728366845
112.68889703481862
115.3355802207582
113.69188947321318
113.7429462859241
116.46857091658184
117.4379846876894
116.84837371298524
114.48501715106926
116.67554786750702
139.0290644499129
134.51183095214108
139.60850295306855
132.1855622500199
127.38520994746958
125.03660957428104
123.94120150730966
122.33315635427545
120.9732158878012
120.29610761379102
117.27834932631752
114.50463526563745
110.65786544226692
106.26006424838396
102.32587174041431
98.04590131696092
95.309485620893
91.93081291230438
92.80130227904004
92.8221453466131
94.60520585558582
94.74216236638036
92.83106758153316
107.00343166435738
110.39264742271943
96.39303385711744
93.73773744280744
93.5978692840792
92.71902590932632
92.77095493418318
92.6962573434259
93.0555206202331
91.95782038617968
90.54653794509784
89.11743966415588
89.23831970306023
82.39914781173125
84.38160485094794
94.1987179669986
84.99817684046715
86.53344734577425
86.86301947944075
88.44947158304282
94.03769506190496
94.2822900092583
101.33102253526734
90.52681893983396
90.55896069001484
90.64090029753535
90.45377112876253
90.47909248737882
90.74993823181124
91.33746956844966
91.64831916331148
92.18780969130796
92.21147335049018
92.30872543168964
92.76750871694048
92.717340469975
93.59675374691685
95.80151059514596
93.46960580549056
91.97743430210087
93.45658132292564
93.58912055380011
93.53370045376172
93.70963617793952
92.88059132279506
92.98764014741953
93.27772956781835
93.32355595946116
93.22284958752437
92.5631232076682
90.22192128527033
88.9212467100944
89.59359256191144
91.34181455545593
90.88356817352768
92.37471398902017
91.94542618061496
104.66596663409484
125.6366602292584
91.23014399628318
87.41517724841252
98.76986196485277
83.62138863240766
85.96047634071861
87.41252382041783
83.81731902341579
88.29704158047285
87.54765471207385
91.8011105324234
98.01411169612852
103.25316807439096
87.84219452245999
97.0039703761332
94.91327001739832
93.7800257523138
92.49353881649456
112.36091310604054
110.67817524094455
98.66162529902456
103.78484591373558
100.5600853138766
98.6094677713924
90.4468726319478
83.40855330439146
431.6954168030903
429.9295620636598
427.6913783214681
428.97679149989295
432.41273821288667
95.52040730351196
99.0876897620534
107.79153481192576
87.02964853635346
97.4910367909755
95.35154995314092
97.621561755139
97.85993773712708
92.32576984109647
131.495955053762
132.963384505276
127.41763787325904
128.6052645852117
123.58018771151548
122.07281789255644
128.07361534961964
124.2898815579874
137.22608600373528
135.72660239543137
81.56514219318328
119.8573610974679
117.25708065480646
119.78241028391068
120.03177089242772
113.42024310479889
104.82697399334424
121.3035153489239
120.00642131009552
96.03294068748812
124.02036089648556
110.5974087320663
116.072409511475"
3,大叔音,NULL,0,1,"140.76576449247904
137.011404704323
123.9976651133584
124.3390386647771
126.45994028837372
134.07354056219145
132.3334906255961
131.8383284451884
124.84302920266076
124.5529491676118
124.10779850731544
122.620836469996
119.65614142029392
116.93924939861252
113.61730391464148
109.59225415673276
107.52744117922572
105.3296485010881
103.45133333648847
101.9767218567058
101.12070301256897
100.7344337381684
99.2581075941431
98.59457515632894
98.33101649671356
98.76506477424192
99.94431686206497
101.22738576312396
100.5429742273687
99.46081178150868
97.19423056820251
96.67643277809502
96.42503043497784
95.99947903671544
96.88516534937762
99.71162294212796
99.97931665538904
98.9555866461438
98.91978531930556
97.75514967215275
97.16382880025915
96.61839215948751
96.85081924461088
96.78410163622982
96.32386816155613
95.22645156898506
96.16591992198396
96.75753854829053
98.107594963216
99.0715816064276
99.5833542983553
101.70591857060413
105.64485498194514
106.45108516756144
107.46286562890027
109.32600106631702
111.10850910260253
112.52214709184112
113.90331593960305
115.5083119321656
119.99497754703518
123.121382869255
124.12981373865898
118.5994725382452
113.88010986044216
240.90493496070604
239.4467604264729
241.8457475806187
247.5683287023485
250.8898439933809
255.2634744787007
261.3240989510058
265.51154354717886
270.4943283369696
276.07769598361256
283.50910779658665
288.82549447872685
298.0699979869207
306.6761903002162
315.2925934896511
320.4324482862076
325.33701732455137
330.58105937913336
336.390786083938
342.476994443526
347.93692540071856
354.9514727153086
360.14655932200185
364.98008193321874
369.9074757565728
374.2753046628275
378.1253256393965
381.6444976191784
383.96338817969615
385.80194974368976
387.2865069696502
388.2674235805639
388.7167895005869
388.6756744931042
387.8422555416368
386.48092273039424
385.1731646404237
383.5753135818068
381.7362820907372
380.60228778011617
378.8132556877117
376.0662723627276
372.2784195616485
366.5012555814689
360.6299206175886
354.1299314234302
349.1622002239408
204.92111163910224
191.5782957349053
160.64915250831513
155.60818249941033
137.61369825583367
119.18164988455156
119.62207072544264
115.6164943200134
114.63002202730624
114.48756876588956
113.15095114696295
112.3984023664254
111.02472667603573
110.51708099492232
108.96086371855796
107.3965172871412
106.42843611641224
105.18186624482792
110.5742620606276
110.24079782639926
109.31264314168216
108.65390964958073
108.7371016048443
109.54934420134256
110.33800205117106
111.57692662483198
112.12913535969572
112.6073868969366
112.9951479275772
112.88900107713684
112.65837789749278
111.91666798231547
111.6703972720624
112.71315911042944
113.4701304236067
113.30608950984995
111.6602560822232
110.9032714079148
109.71738131003458
109.66175168729129
109.90297360902782
109.92591054309015
109.63152449814562
109.27500989283314
109.67776158629768
110.89352606270717
112.01092668032102
112.66747802257532
113.39820449847662
113.4661929401953
113.02742245613815
112.46401139644658
111.04914512952756
109.94349652200567
108.65293909759072
107.83876339801208
106.69629038010778
105.94757286110436
104.80126927070272
103.08689889169608
102.26734554767576
100.62241070109904
98.25745293634849
98.41307799335772
98.67937304363392
98.71532011036248
97.28248675107204
96.98917364125325
94.59270974224066
93.1793836622862
92.01547445165006
157.82018596150706
155.68897632806602
153.81629119510805
150.37442748013305
145.37783906896388
135.88292323347954
126.1041632019664
118.02930448024496
149.62515708644594
149.77129929466304
155.9124500145578
156.5699722235905
152.3848835178612
145.9215049663677
131.16931810831966
114.82517098174549
110.40430696122958
152.4817678381425
156.52716559004136
140.64572408072556
141.4635113857933
143.2772470903261
135.03985615990413
134.84622475146722
118.29948424375242
110.48461428359312
147.03820985376723
152.74282632423004
152.10143039577852
144.35317780937888
129.1350213753365
114.52711600768062
109.56046912360928
139.01156704023938
139.31652083234573
139.23007202584773
129.5453520503074
116.53978690137173"
4,青年音,NULL,0,1,"106.1802458
106.4445864
106.785433
108.0727926
109.6544525
109.9159416
111.4064748
112.8913044
112.9115337
113.0155741
113.206275
113.2232518
114.0139246
114.8448518
115.0133415
117.1401573
117.2553978
119.0054347
119.0321904
119.1951595
121.1601808
121.3328806
121.6701908
122.4143524
122.4570927
122.7672654
123.0439657
123.252592
123.4739617
124.1516342
124.1791881
125.33298
125.6504654
126.0136379
126.3620821
126.3841812
126.8313677
126.9491788
127.0143807
127.5252763
127.7878856
127.8395144
127.8812192
128.0236223
128.057683
128.4522237
128.452688
128.5530665
128.6231768
128.86624
129.0241754
129.0814903
129.0900277
129.1569952
129.5261749
129.5813059
129.8563576
129.9177395
130.1992956
130.3389465
130.5401036
130.6342392
130.7120686
130.9312775
131.1211806
131.2142236
131.366102
131.8227364
131.8590284
131.9936002
132.0374571
132.2800145
132.3476247
132.5832774
132.6820298
132.8928908
133.0954456
133.2149859
133.2601198
133.3066142
133.3302883
133.4072026
133.7193368
134.3279154
134.6604904
134.8551772
134.9135324
135.3204836
135.3742439
135.687712
135.9305316
136.0610892
136.5572617
136.6540576
136.7348932
136.7608374
136.9151339
136.9351867
136.973582
137.0871629
137.4468515
137.621215
137.7260706
137.799681
137.866189
137.9651342
138.0334111
138.0837951
138.3105978
138.3515138
138.5743818
138.6210042
138.7503926
138.7916803
138.8132889
138.8912362
138.9388855
139.3731544
139.3881399
139.477376
139.5551899
139.5555968
139.6413264
139.8914317
139.9063713
139.919163
140.0106481
140.0272478
140.1064105
140.2947841
140.3585686
140.4590623
140.4750646
140.7045604
140.786918
140.8706723
140.8823967
141.1157263
141.439075
141.5354552
141.8557882
141.8702619
141.9373563
141.9625145
142.0180335
142.2396471
142.4449883
142.4500046
142.4784189
142.4797973
142.5155697
142.5997997
142.6092895
142.8404694
142.9024278
143.0345189
143.2314813
143.3042575
143.3498333
143.4416478
143.4581715
143.5085315
143.5167793
143.5874687
143.6550105
143.8825082
143.9165905
144.1265119
144.1348248
144.2481972
144.3093849
144.3352723
144.497714
144.5988086
144.6541628
144.6920428
144.7956339
144.9150328
144.9612039
145.3212974
145.4491073
145.4854985
145.6462406
145.7005169
145.7020766
145.7366296
146.0613336
146.0786371
146.1460934
146.1668152
146.1912774
146.1995656
146.2223242
146.3457392
146.419473
146.4230936
146.4231154
146.4897133
146.6162329
146.6312966
146.8137087
146.9451208
147.030621
147.0749693
147.1419195
147.1888566
147.2827743
147.4225766
147.5588387
147.5822985
147.5856508
147.6142629
147.7586805
147.8151452
147.8641641
147.9814725
148.1261622
148.1467156
148.1977855
148.4111855
148.6141473
148.6452505
148.8645762
148.9561834
149.1137942
149.1228534
149.2085796
149.3167458
149.3900861
149.3955894
149.4344087
149.480029
149.517312
149.5192362
149.5331866
149.5336768
149.5418277
149.7172326
149.724172
149.7632825
149.8694076
150.1815885
150.2566722
150.3465511
150.4209238
150.6423958
150.6902783
150.7003063
150.7053392
150.7124861
150.9550212
150.993715
151.3062148
151.328826
151.3537999
151.3904147
151.6587009
151.6631533
151.8588726
151.9948727
152.5007506
152.5209816
152.7634765
152.9158682
153.0740057
153.0841339
153.1234932
153.2148657
153.4719338
153.6513443
153.6785075
153.9610017
153.9730464
154.0239418
154.1104372
154.153691
154.3491008
154.3833268
154.4505941
154.51097
154.5777847
154.6664806
154.6690857
154.7430572
154.8935021
155.0140585
155.2538368
155.3070838
155.3530228
155.5749962
155.6656599
155.7448528
155.7671059
155.7907055
155.8480122
155.9180245
156.0048097
156.2393421
156.2594268
156.4083325
156.9439117
156.9783751
157.328058
157.3294048
157.3873419
157.4364277
157.5960825
157.5995558
157.9859441
158.2426189
158.397376
158.5045491
158.528481
158.6043477
158.750046
159.0249153
159.1496952
159.2481631
159.2685408
159.4553566
159.7901562
159.8036115
159.8810684
159.8962182
159.9931024
160.0190955
160.3261592
160.5044665
160.610664
160.865135
160.8821133
160.9195785
160.9229353
161.8768553
162.0653753
162.3254779
162.3433072
162.4043685
162.4304156
162.6137201
162.6951181
162.7934298
162.8218935
162.8748232
162.8796491
162.9763404
163.1362696
163.2052744
163.2815886
163.417319
163.4805383
163.739135
163.8205064
164.0144553
164.0673626
164.1981884
164.2111295
164.2312393
164.2753577
164.3351753
164.3778496
164.3805969
164.4546568
164.6104802
164.6814435
164.7157947
164.7938902
164.9434557
164.9438701
165.1062583
165.3984054
165.4011546
165.7552249
165.8318603
165.9111184
165.9884733
166.015928
166.0272456
166.2592393
166.3295612
166.3462193
166.4010316
166.4048111
166.5410091
166.5629467
166.5771479
166.5957466
166.7183079
166.8256148
166.863542
166.9345057
166.9790452
167.0601954
167.3616673
167.3850282
167.4218709
167.6780882
167.7479106
167.7662447
167.9343234
168.1469193
168.1472758
168.1586404
168.2724394
168.4951523
168.5423828
168.7102134
168.8689888
168.9563658
169.0234539
169.2545783
169.4840386
169.5169518
169.5848001
169.6064857
169.768558
169.869571
169.9059082
169.934827
170.0243251
170.1539202
170.1663136
170.1736868
170.2701764
170.3239924
170.6077909
170.640624
171.0120434
171.1646631
171.3204753
171.7457874
171.8739248
172.0933368
172.14986
172.3946566
172.9514709
173.0172082
173.0328743
173.0356448
173.0743638
173.1425595
173.1442527
173.1453492
173.2618686
173.3197199
173.4420398
173.5443502
173.5889118
173.6483796
173.6696069
173.6699887
173.6832546
173.7181072
173.909783
174.0579272
174.0876496
174.2252789
174.2318333
174.232827
174.2357934
174.3227654
174.3479756
174.4065545
174.478344
174.5301345
174.5441371
174.6591806
174.7415801
174.8879508
174.9524844
174.9576484
175.1051132
175.166121
175.1664025
175.1989885
175.2228215
175.2732479
175.5179492
175.6248709
175.7840458
175.8012261
176.0627607
176.2658581
176.2795478
176.5500977
176.7225048
176.8235028
176.8873118
177.0224216
177.316516
177.6119852
177.6403131
177.7433068
178.1836307
178.2010121
178.3097615
178.3222439
178.4986484
178.5109211
178.6078592
178.6171144
178.6734657
178.7785093
179.2910729
179.3565521
179.362322
179.4579643
179.8553477
179.9753689
180.1240312
180.3969661
180.4379294
180.5338778
180.5461897
180.5622928
180.6510088
180.842147
181.1660114
181.1986873
181.2258329
181.4936862
181.658731
181.669407
181.6734638
181.6990047
181.9365759
182.2990277
182.3225396
182.4113229
182.7782315
182.9632891
183.0874259
183.1382363
183.3760553
183.491607
183.7080863
183.7505802
184.0255229
184.1217573
184.3374594
184.5796519
184.591718
184.9690731
184.9698256
185.4544153
185.4547015
185.7468481
185.98016
186.0469441
186.2110706
186.3458506
186.6271281
186.7058872
187.0399363
187.1220724
187.2972583
187.7089032
187.7981756
187.8417235
188.0699934
188.2764792
188.2797941
188.3045745
188.3545313
188.5481551
188.8079339
188.8262678
188.8754282
188.949046
188.9499451
189.2291769
189.2876018
189.6381777
189.6412194
189.7010187
189.7547459
189.9436278
190.1222383
190.2298115
190.2584476
190.2988352
190.3047817
190.6578772
190.6583764
190.8811111
190.9344066
190.9951243
191.044455
191.347575
191.4440024
191.6650101
191.8008395
191.8937399
192.0870554
192.3432812
192.4435238
192.5618551
192.9141725
193.7704966
193.7721207
194.3929679
194.4714417
194.4793757
194.8127815
194.8976406
195.1924166
195.2624878
195.6599903
195.9635087
196.1623958
196.203414
196.4522445
196.8625788
196.8960875
197.5106062
197.7792478
197.922099
197.9708784
198.0561115
198.2078627
198.5854062
198.6470468
198.6754568
198.9172397
199.2672337
199.30537
199.9756222
200.0986074
200.4841131
200.5758239
200.7603677
200.9615673
201.0162957
201.0857194
201.0897931
201.3012369
201.6137445
201.621255
201.9185574
201.98007
202.2764066
203.2527804
203.9368313
204.6818126
204.7252599
204.9599617
206.1828143
206.488823
206.7125647
206.8184427
206.9877731
207.1522544
207.211486
208.2420944
208.3216483
208.9497832
208.9644945
209.2231128
209.3690127
209.5009473
210.2861774
210.5871514
210.753568
210.9187054
211.1135831
211.4145313
211.95416
212.3775264
212.4414519
212.4539376
212.5840518
212.6702127
213.1184338
213.274365
213.7082617
214.1452281
214.5383166
214.9139536
215.0985021
215.5083229
215.7218181
216.046145
216.4005453
216.8465516
216.8700169
216.9384654
216.9768115
217.0706781
217.6174899
218.0316103
218.8555456
219.2838119
219.3141706
219.4019472
219.7185059
219.7658136
220.2344891
221.1378743
221.4792599
221.5526347
223.3693728
223.6409944
223.8639263
224.5271004
224.8544303
225.1449685
226.0148095
226.4839927
227.0046163
227.2666659
227.2991747
227.5825899
227.6263202
227.7481404
228.605981
231.2958796
231.7012661
234.2005993
234.2119263
235.2286153
236.4076055
237.608539
241.2700646
242.1402817
243.8928226"
5,公子音,NULL,0,0,"205.54837476684136
201.2323945098795
200.1994400792055
199.98740707900984
199.73209439701637
197.87880360209763
195.277371654832
192.2805130779087
190.1232079178092
187.95821474551585
185.17679867871115
184.2941371767193
182.89316067499985
181.13162521436797
179.03306989789544
177.48595662020722
175.52051700825652
173.9489904575952
171.61024481212667
169.42869362238272
167.45547205151004
163.55636366000874
160.15784719803247
151.24763715315294
145.42565076476072
145.09190225243148
187.4632692936578
178.5031165470647
179.5324808724836
180.83297820443025
180.8250471913924
180.772554382288
180.84754528536703
181.35397685398505
183.05324621543787
186.87729746061856
192.0236431999788
196.1541877398365
181.17131327650736
173.6026777580331
173.72277673585077
203.6931082958877
208.9736048673753
209.9360940638917
210.4514703270795
210.0355064327465
208.96566209619965
206.2351539833353
202.7248960676652
215.85159558441248
214.39608332672327
212.39338386281733
210.2725662784188
206.9512793685411
204.40927160201923
202.4711995777967
188.94908515674237
186.17236529433728
178.82381327001505
173.60624238919962
169.81703601708378
161.96876436942472
157.79686493851
155.80775079562798
148.68664477544897
146.23104118648197
144.73505904334232
142.93846896954878
142.28302661339808
137.27868685209162
127.46411076526547
121.33833561633196
235.98980298576973
231.81335032880577
230.37040262395865
233.2328718574522
236.48222646767852
240.4707507215649
244.6973903437667
248.14430806560617
250.9032861411229
254.82447041017423
259.3563110716422
263.4097231309696
266.2697010131708
269.54683685506075
274.8251716503347
280.8148267581286
283.0654339670108
283.85002125261224
281.70421317054445
278.99107147987746
278.7554791528506
148.97734954254278
131.0646076865927
119.16464023356124
104.8973248819373
103.33435413224888
101.14068874275364
98.8988451133052
96.33643204946944
94.0029853909103
92.31476723932748
90.45579749373174
90.45838295324052
90.65419385972038
90.68671517159225
90.83622643981955
91.89054083299148
88.8711228514464
88.67467221321238
88.7636151293419
88.79563111431347
88.64827344743317
88.44824957001958
88.504095445151
88.96225347894789
89.11410182778246
89.22146956817181
89.65243349450535
90.78919022629194
91.76511044500064
92.85002187605788
95.87260151175526
95.61839341891924
99.25782112466948
103.60311748464906
106.4594660218171
110.46032935056148
111.6452502944994
111.85616297977266
109.31461722703864
110.2518104643614
111.2499687118752
143.75196502010508
138.13598528205262
138.36482238497007
138.15676349131158
130.80470957397725
122.90944884896297
116.79641101643334
109.65128463777351
108.29051210713388
105.43357204463057
111.03378686262556
115.64764248909168
116.52172334030362
113.7676268089738
110.72380770857797
108.91202433667203
108.00781471007636
107.98358418348198
110.87714451893903
112.41683636356096
112.59908558047988
110.49937569773998
107.71328568127524
107.48784430965836
103.7053544872422
102.81436460714724
100.01943541409206
97.41206254203328
95.963461694206
96.1012267497312
97.37241855857155
86.62384675228373
112.95050575681572
112.8111140158042
103.53221002712336
101.38767172801847
99.94302847357822
99.94256411720652
100.2923012063788
104.5919350469652
109.23789263622446
113.42362918233827
117.92546340533006
122.07396355093088
127.52073745254324
136.82643766647834
150.6193649246505
156.8178735343572
155.50754900288302
155.04927906524247
326.5917508987356
327.3707546448732
327.06240885338747
318.1189562326038
309.184993927339
277.5845817203268
253.7978991005164
233.5286090979839
202.6459694076348
189.2896424849285
165.7228393862637
167.86393454981462
163.97698697579145
94.0979944607799
94.91003049741072
94.66710850095976
93.71456167452565
94.09560656819544
94.67792783932858
95.08551450837255
95.85459514806092
97.49597136981404
98.30445864226466
99.1613316702431
99.12844365992656
100.18944712157425
100.25200720347098
99.3390236451178
99.4225854183437
99.4028565479392
140.70956538677964
140.08494334710298
137.1079493281312
134.3717828062773
129.5604490845358
124.2380953413006
116.99455060271346
111.24969263143208
105.74567753472148
105.9339527539134
105.6447552093447
102.8020945084184
102.79105810645548
99.50388575639953
96.4329299336706
93.95571613799336
93.43328994712672
92.46534444156693
92.910247678618
93.15682120894073
94.32603142177383
95.49438244616036
98.26735848199014
102.58251945020324
106.6924921361196
113.80685759968058
114.05179173598545
114.8186067514164
117.35496475334386
120.56500840977732
121.31121526691948
123.38917339862472
125.74143213922588"
6,少年音,NULL,0,0,"121.4658004
129.1629251
132.7344522
160.3238089
163.3808608
165.9394942
173.7229298
174.1002171
175.1511692
177.399574
177.7368469
177.7952341
177.8830359
178.349581
178.3579904
178.8254089
179.2183447
180.2179765
180.5196935
180.5910225
180.8096655
183.2167361
184.3828364
184.7411048
185.6171188
185.8107347
185.8276473
186.186801
186.503532
186.9666039
187.4049338
187.8264644
188.285913
188.589182
188.8963705
189.262892
189.491965
189.5940275
190.2514902
190.5020848
190.7024418
191.1659185
191.4369054
192.0742442
193.0600183
193.1997688
194.2243214
194.3074891
194.3435976
194.4082037
194.5859426
194.7102435
194.8480302
195.1159527
195.2948764
195.4834803
195.5748197
195.7721021
195.9316312
196.0321263
196.5343407
196.5974162
196.6858629
197.1623632
197.1918194
198.3540187
198.4887431
198.4980732
198.510159
198.7501911
199.6219416
199.698277
200.3273084
200.3642764
201.2656206
201.4934821
202.1092713
202.5421909
202.6349251
204.0679399
204.1707422
204.2051597
204.3330411
205.0599989
205.186563
205.3558644
205.4442552
205.8173134
205.9373869
206.0020043
206.5824366
207.0518008
207.527755
207.5753009
207.8144977
207.8542836
208.0934726
210.4278893
211.3584278
212.0808954
212.1920882
212.3755035
212.778634
213.0676142
213.2524642
213.3729798
213.6431474
213.6577222
213.868872
214.2548018
214.6835859
214.7343284
215.0412035
215.5462243
215.7844282
215.8758415
216.2733886
216.4178575
216.5517685
216.5657676
216.5980711
216.7055531
216.8848078
217.2705322
217.3779075
217.8408571
218.3477191
218.4256615
218.6471132
219.3964521
220.1234167
220.8567507
221.0171854
221.0553039
221.8398631
221.8589915
222.027138
222.3645946
222.3900439
222.4879706
223.7977801
223.8677167
223.9731473
224.0083732
224.4431103
224.6147323
224.6563046
225.1007118
225.1741278
225.4310503
227.4543511
228.4631187
229.2840243
229.6697887
230.2187608
230.3494388
230.3659991
230.7177182
231.44546
231.9238398
232.740149
232.8313233
233.0539577
233.0615912
233.1817731
233.4308197
233.9821165
234.3116782
234.625863
236.7069046
236.7912179
238.5501621
239.5006878
239.7201187
240.425412
240.5289644
240.789969
240.9226322
241.5817284
242.1933448
242.7720277
242.7821304
243.2365834
243.3795883
243.5227276
245.3745268
245.6024725
246.2048652
246.2414381
247.1184899
247.1469376
247.2271103
247.4067934
247.4742306
248.5423124
248.661195
249.0369861
251.4022754
251.4303154
251.8952252
252.0620054
254.0984618
254.460641
255.8394697
256.0388469
256.5504496
257.2418524
257.6751045
258.0631252
259.4003202
260.0498766
263.1852355
263.6882955
265.0575253
266.6697982
267.3114557
267.8197191
270.8031954
274.149838
274.839909
277.6647279
277.828015
277.8572537
280.3216592
281.6898378
282.7222204
284.8885194
286.5706066
286.9889452
288.0300255
288.2243185
288.2881718
288.4065817
288.5766668"
7,正太音,NULL,0,0,"203.35112075542284
198.96637464465704
202.74994045633804
203.04369907696744
203.9090793072758
204.87297421534828
210.01340549208388
216.04211437120145
221.1901835873269
227.5191898081386
234.75262877887744
245.81542400957505
260.1869395871553
274.3089119740159
283.4164735134954
295.30862265577537
302.3185163949176
313.72353718277634
318.286837173715
317.5045331986226
311.9787081855668
304.4406959802851
279.9763896311614
279.1708828658045
256.5403835340267
238.56300361790943
225.63913073782044
204.031019680796
189.83365522500503
176.3006937629756
172.09927507343178
165.98258895948825
163.5573135892557
162.43779784647435
158.60736904500644
157.69513584249714
155.43323454678412
152.34502738334106
144.9323561579358
140.3183109515735
135.88525731901734
137.14513387941204
135.7365731013619
135.4559009180451
135.6087468708442
133.30605737765603
133.25646936192965
132.21711422954553
132.11871869540113
131.81364926123106
129.92802721235142
126.31206987378876
125.89259123284482
122.0542204356356
122.6549769926801
119.63578769068263
118.42431280007698
115.74178923028244
114.3715787311309
111.79003118274224
111.8139493853358
115.20543630624644
117.42051626728176
117.8969262102635
117.19578592227876
113.50112023472138
112.34039975980863
103.638154711798
181.77077482040417
171.80166876738377
166.22639588749317
156.8025100183602
150.40880259887868
143.64682121504043
135.17705171015132
130.5417405305987
126.2505920432844
122.10457134349072
119.36538824894868
118.80066988496677
116.47271162460736
113.28474849578804
110.79803193983652
110.16197073288906
109.74374509186867
109.08002711408656
109.0868489018794
109.5115733440648
109.92868860062538
113.30391862459408
115.6438198480189
116.27080903325492
117.3917719517673
121.36196415181604
127.72570417821797
133.70128772656557
140.442701909779
155.0721429556384
169.65761162517205
192.6991082949213
210.0420106527421
220.54641455973453
237.07335548368587
257.9562587720557
265.7084154834717
268.03616869154195
267.4245513347985
261.46720825729363
244.9583987777535
219.5927195044948
204.31405199730256
186.1663318844667
167.9838544662269
159.45282663984574
140.31321313245317
134.76974568701772
127.63082138875602
173.705684518779
179.54549514896095
179.55227973200195
177.27257064858873
169.3363236427259
159.218353089086
158.89763362374873
159.34900385774472
159.57063121579648
167.94399928574808
178.0763893587261
181.1725966925234
179.94219252388814
177.38149353497963
170.8777924701565
164.78286040906102
209.88050037579848
214.44507270507577
216.83858210687416
217.26554888289576
216.61930932757264
215.76199128066173
214.64933083386256
214.55207725935367
216.7434724772313
221.9935942484061
230.6597334096407
235.1571880377033
235.9707946148673
234.70291255037392
231.2459755600465
226.6194805815149
221.50692103786463
217.43344147868584
212.3101565653673
212.7464098189392
211.2708661772037
201.83188127666443
202.10718476024297
312.6125265696057
311.3527204542654
313.5383777277091
310.7168497385524
305.75826612592334
305.1208547876344
304.9788301147045
299.03150282903243
288.3956900154525
279.6906958424837
268.023359605536
257.4526720972663
242.98004215065043
235.62647116343155
224.76328598830213
214.02329780865296
199.53990376354128
187.89470114258265
172.48171260020413
158.0313194598841
145.7167961550654
139.81783834242637
134.05176464716746
133.4594965745797
129.97861097465992
129.60097080806085
123.53422956760193
123.17360042042245
121.7569827630468
120.97702482277218
120.56714397132656
119.94460773399364
119.62438563588164
120.15130745230158
122.09956195962717
123.0803176386398
123.84380158411945
126.09574428517334
127.91488067928152
131.76796851689167
135.32774629689044
143.45190722350355
146.80402867438804
152.84184556143316
160.61607228612746
162.8505051398517
165.69479579097518
167.77390246477987
168.20700784515796
166.97370796910502
165.70869434027338
168.98004872086742
176.56202896250645"
8,青受音,NULL,0,0,"186.1678603404897
183.1038647086538
181.10764583166343
180.50248352907187
178.60179997810775
177.50711463078565
177.4059485216307
175.30740628053303
172.09512379808012
172.7008071175029
173.5467396599312
173.19524340321468
172.7270247892052
172.35528326566484
171.93196454409156
170.7990531765983
168.1857234076099
160.53409260801303
184.07640667732684
181.87447727778948
180.37704019835576
177.8665450005192
174.42972796648544
170.81658565608348
166.77916174903763
164.31241457662182
160.84638536655456
156.8241925007032
152.27409354857363
147.99551782764246
144.08097310133
140.03524323066105
135.5927677908605
131.51004620052302
126.9439354234894
123.33921283978894
120.43899397784264
118.99965978976935
116.07533281220113
113.32393832989948
112.18541025420754
110.75519631084944
109.97226422620872
112.09505396541752
113.91602669379924
116.4969646697774
119.54117662239685
121.58468123172256
122.29461771446756
122.2025607992055
121.38657115318854
120.43322281534726
119.65443431504598
119.23905120535994
119.3855084660674
119.53137336365003
118.6520666967451
118.20305054804498
118.02784055263402
116.5031584046071
114.2918149644207
110.97484836573362
107.67804407033188
103.82071830377848
101.23679535623144
99.58254210816436
96.67243024273222
94.77636974645412
97.86640544834373
125.19859434367638
122.80392360593954
119.48416191308353
118.4981084250072
118.6326530970037
117.5293598617114
116.36417272082804
114.92750990596494
113.08203714623784
110.72338670669876
108.19894669710634
105.85705446190978
103.64369197667976
101.91037225231908
100.37969353093474
98.60155663733292
97.47343207477842
99.37569907229911
126.76784065888434
123.9662450202262
123.7229436565411
122.99435263892596
122.71989003829532
122.1939159072927
121.76323707168076
122.34498705641676
122.10026854975388
122.29735361910124
122.5573586391718
122.88050905675637
123.42237316980987
123.8218185680425
123.73173329643684
124.45211624194845
124.34640510892292
124.90759125609765
125.0341288707635
125.48101908544442
125.42440300594124
125.67203476719548
126.10754130440576
126.38560714465812
126.19203022199396
124.9152789318346
125.59407566767848
126.46112198972182
126.82010613217446
128.64115880656615
128.2754168446611
127.28788556896188
128.67484651065837
129.6333702706784
130.64213940013653
179.09863772225404
179.64234034232206
184.2451916095547
189.90625846662104
192.6891980385284
191.924041522244
188.33359676446275
183.52868648465895
179.00648747591154
174.6124862342747
170.56614949028312
166.30467218330386
162.93306325736438
157.1541559054905
151.50931368805553
146.75942268079928
142.30445526927562
138.3744904589165
134.3258072522927
131.22781893537248
127.6992322100781
125.4330849207739
124.12187268456177
122.55914174560228
121.3206956475707
120.16873390180126
119.14370377248235
117.35268704389162
115.90221304908316
115.63030598331429
116.0050699965365
115.55231080010115
115.8516831946605
118.1143799808599
121.85688940651428
126.88314907639212
130.79318501821658
136.05799206840345
140.11835459036288
144.96387037193256
149.41428445393842
151.64241483199493
153.00552075450784
153.03545321636716
151.79314105531202
150.0636064982884
148.1332729605117
146.98744140565893
144.9084211214491
142.5533962951543
140.08018630874517
138.39009975773615
135.56031823579855
132.08623244942092
129.00739226896263
125.24543053061518
121.7457247872854
118.10937308193026
114.22194367851148
110.73294895157436
107.76095685380194
104.92004502162511
103.29340004625388
101.75021893719936
100.37604376197764
99.52072010328628
98.89286143165177
98.58162936647754
98.2424236622454
97.9680517686108
97.84892901574761
97.47800328374478
96.77780865890593
96.06122522672392
97.3268713535002
99.33679601015028
99.7039269603494
118.91476072835292
114.95150138167544
114.60132658360902
115.4276622002368
115.58566068383442
115.22996236315052
114.67544084784828
113.94638935482725
112.92796487731192
114.22113054393384
115.20695511678488
114.78489597690442
113.52323702509304
111.5808767608628
108.77995374537235
105.86596889787916
102.58955386924296
99.4901927359657
97.22507604314268
95.8768360295992
95.0187333144
94.8343749513589
94.8693891887989
95.2266642502754
96.19065757641329
97.07981305459715
98.01836268264476
98.95621318013434
99.11253121990028
98.45808971860548
97.59454723947712
97.05973857292554
96.20175581411962
96.36978425943148
95.82084860893052
95.14101714628696
94.97493772847136
95.32104741259889
95.46519789980752
95.20281105371852
94.79209431170156
94.39344655441326
94.21862700998844
93.87792543717627
94.64105080485704
95.98485635841529
95.87970820034374
97.4843696801048
136.08653204633853
124.97006544559072
119.14481929681288
119.39390413597256
120.54068749079164
120.79874763206573
120.69056120689358
120.58627926033375
119.66459244379402
118.82142886893452
118.63800154698797
118.88597179022528
119.11109806722536
118.97332780491216
119.47612688733244
117.69132488615588
118.5290915770174
119.81535694451078
119.1770572788812
118.82224391324796
118.63269228437316
119.01216036806268
121.85692532887148
123.10057340519076
120.5703315182465
118.6850046430963
117.93324410347212
118.22097918091244"
9,女王音,NULL,1,1,"296.27379108771333
282.0897608501884
283.9122363011946
288.1634531034917
290.33058614398254
293.0651472124195
294.79323504141007
294.9608863133834
294.13115500635723
293.25894812681497
292.8857560824455
292.07431539902166
290.5137897579338
288.0074024390017
284.4468651995159
280.08835189817427
276.45001016364193
273.38929027311013
270.2755540438754
264.60355266866003
259.7071259399749
256.3673110239061
248.50448128542368
244.17923516275675
244.50531128016405
236.9701487870384
226.5323698204868
222.7930875018533
220.3445650799136
217.60660791758
214.56617752864543
211.20937298304557
208.822993144129
207.6809232975969
207.6932870772132
209.23410555848176
212.59027386092845
215.4888795266642
212.32179842517263
305.2370199972324
298.1121928047439
289.66320285591377
281.1625664386915
275.75714803527427
269.4568563848071
262.3632885046205
253.35734397834224
244.48080249814143
235.4715829204221
226.71047553357127
220.65915963837543
213.8394131647468
207.3548955723723
201.61812639524237
196.3420341560083
190.5571953088601
181.6718884009624
170.7737035553439
166.16946041059478
196.6527855354282
198.9070819879429
206.74856594397903
215.79678486823587
222.50701769514183
223.00781898454545
218.8264162572452
225.8641749258817
304.09178521628724
304.59026304064093
280.2630760714617
275.2017748739838
264.62912595053297
246.00480910007747
242.19489168137383
226.66034348370107
212.83629547271957
199.4861983101803
194.77615807469584
186.7694642984029
184.53103580968872
201.9021548751648
417.9574252727187
415.0185504421522
417.9801780786741
416.105743884072
145.83410159764605
148.1985897906956
153.46288498003904
261.4196365413081
250.2434995049463
238.4481059767359
239.97054700974877
241.6335422993152
244.02041442415367
245.55451447805632
247.3666134442719
249.0191765244257
250.3510661681192
250.3445850401543
253.3907773053676
252.48699115265543
253.59471124469977
255.75144125349337
257.88275702609354
267.2885509164014
273.52724216705207
278.25115021087043
283.93497857511886
289.5838368150165
293.75143802925794
296.6285031232195
297.68104090395826
299.30396281174785
305.537817479083
314.67066022767955
320.3186246879481
325.71573004318867
328.1534081578021
326.32446355529976
319.3004958311428
312.84832477761216
307.5241587432009
303.72842641831454
303.0371263733447
303.2706551903606
303.8105714538494
305.32350932628015
301.8153016646189
276.1961387706581
281.51903007880486
297.16471553959246
356.3810604802943
353.9621085269854
352.37524551906523
353.0990562319254
352.69459071984124
350.4925380075139
344.2131143753896
333.771762964721
322.6931471038818
308.1648441254065
289.4882939319533
285.03503771365814
259.13492471653143
236.00910358901467
226.1469516743176
217.72093669163544
219.5715104791171
221.59260583086063
222.0536600356548
218.71976051491865
216.32603849819225
197.6320562628981
191.04863798392
186.36772865086448
182.39165445679225
171.68053059168278
161.89277072974352
159.30790287229132
158.8489625256201
156.9650586856793
156.62240661600492
155.98768147524436
152.86165395270365
150.60739806834496
148.57665509271496
152.46081540016064
152.59185226136168
151.80395654958903
153.3522430215851
151.1146907206231
155.46207011302602
155.41362974269336
157.31267754583473
157.32203043795602
158.71471412317592
159.5490281856018
158.86115324582377
159.3109227164984
159.92502235533837
161.3487113554503
163.24525020596946
163.84114818632526
164.77919962465165
164.9789521709084
172.70616974339012
177.19422291581603
170.47083515947682
174.0179613368569
171.59931863653122
248.8486824185569
246.4520483592229
239.4946909150044
235.59105694660863
230.1800761286508
225.5118095042292
221.4481056221275
217.38778708312944
214.08842834294708
210.7261711852772
207.1978916799004
201.3941169515473
258.5086679927773
222.65996691765508
218.1784085093277
218.27297733577072
218.2467978541536
217.9864905203475
219.24269159668796
217.15044728148132
210.81571991651663
205.5120886353168
201.22922653374843
196.64688802139383
189.7604700999013
184.08764790089907
180.80478274570777
185.52113626411537
188.27241148565253
186.26144368322045
183.51003138856063
188.8493711804921
189.85188725521
263.5949939042547
260.5811940871193
244.60603166933905
244.11050434247025
242.78767702972576
244.27086035329293
247.64680035880548
247.6200659869101
248.9813851212301
251.57897453958017
252.0703873031573
248.4461190997693
240.5488602667685
233.44202268170815
224.26469915112696
213.884146567609
206.48838282984437
200.38661175012356
194.4290840614502
186.26224853793423
180.0313755890426
173.73344411664954
168.2859882520861
163.53697800535303
159.4238866065159
154.69294362394442
151.3388681865144
148.73388066860963
146.7412477266384
142.3288753266667
137.74922868516606
140.36338752604303
140.444301148124
412.9182193046945
413.8495759993308
219.5603359383803
232.8712240943548
242.0593532497068
249.3129760423458
256.0615016347925
261.7685392417603
265.76973760908885
263.68400741118336
265.39343429920353
265.7532894007948
266.88354790836115
268.174103474111
269.58104006973207
270.95940640793526
272.0062417754556
272.7176227617013
273.11972938482097
272.7234572650733
273.8684282775653
278.1908197438902
271.6992650754249
273.2395725826281
274.2869955814791
275.08555813737047
269.7105576461829
174.6023917051855
165.51675299541023
153.45212534156104
133.5483235266557
130.92071796994523
106.49469098551512
271.62949370149664
278.23605540511926
269.72094688689805
252.39490774559496
248.17015114034388
246.21619792958637
241.1725423463964
241.9425305039353
244.27487640813868
247.6438108444192
250.59630104542137
252.1179445219522
253.07299938276344
254.93662058345643
253.8145368490271
251.19228769416483
248.9453321380556
250.7399337914188
182.6196947732728
171.60737021316385
165.5552087944276
135.0514151255794
138.70205003619964
122.72075081993744
110.46998383566996
164.8743894445673
158.9214967042953
155.73539538883017
136.31871027432848
139.3561657928069
144.4698909619995
156.67814783172614
154.34851559368636
160.03942327544522
165.5220240594916
168.6889828564278
170.45211012919538
172.50685789824152
174.5021425764393
176.19991407297107
180.2355159443399
180.7215733348388
180.23094060612812
180.74053448127376
181.1189771532091
181.80034167679932
182.442930871178
186.9487868139917
191.11563906046655
190.1587835115883"
10,御姐音,NULL,1,1,"294.9130890370072
297.36848303132655
299.34891852881645
298.08925299751724
295.1903087945058
296.0937106194649
298.21953835109434
300.4121504779088
302.8293653351004
305.3088218847817
309.47932890081665
312.82976248994777
317.9577875338948
317.7364486216161
282.3828292035756
249.35472105839744
241.37030860815665
225.6333220889932
217.10459155779867
210.85551320016685
210.5346053546145
207.33700153865692
205.07223912146796
203.91318881158705
205.5648366700728
209.0703471661278
218.00204410760728
232.2958058823385
244.463019288683
253.65110905587795
258.87940212172253
268.221249674934
288.61182526540193
277.94721413870764
235.1375014945411
225.26980502898152
216.49227480088587
208.48641014673728
201.9373802942121
197.3603304784624
193.99733174081223
192.2888767867524
193.13241529900867
196.26898146185985
197.5656233145885
203.0032948411203
212.52404887839657
221.882889715373
226.4936160164172
231.25807360832584
235.0310534147456
244.9751898529537
212.10599566525835
190.2542771557077
179.19430292063691
171.36874363533423
166.09325367450876
164.5241503757242
162.94614552775798
162.3786187348786
160.506535440213
162.58414319126268
163.71975797745165
164.8473207536949
165.73654358429175
164.56935980668715
165.64640995213546
168.2657326659296
168.95022209916957
169.4074822271946
169.99431159488066
171.97627387256617
181.78614436149635
184.001475552288
185.45164886254412
185.68873030283612
188.19422089017957
189.6358817436612
190.933256483774
191.10697410743632
190.97520842919928
190.93884619833767
190.7192423470565
189.5237570486212
186.4932556457845
184.8608701822628
183.2956361734037
180.7900006852726
178.08283502521977
175.45412981212172
174.37891823741353
172.766087795144
169.67327780927027
167.20157289939053
166.03664481966013
164.60947198688226
163.49033495324667
161.7956208823041
160.69273322538857
160.1690828505984
159.42568434356312
157.96811482038697
158.1699919124703
159.2867680606598
153.89415824595244
153.59242195560225
155.79511641064485
158.0942415629575
156.79650582128576
158.33835294335952
159.86509367939
158.9430684640362
167.3755121211572
170.21312084719597
169.1653528320271
170.34110969193097
287.6517507891721
267.3332513384939
263.612755198889
258.2262948961192
253.27085893491176
249.4114819146233
246.132419030577
241.61578823757225
237.7094701969488
229.72468083247864
226.11143284343615
222.22011165050225
219.15848799658235
216.41081807092817
214.8455079863281
211.1162679114348
199.1802391840972
199.01979728760784
201.3725414377632
237.88675725305137
228.15853621128772
228.26746000110617
229.20712275385048
232.66608453590348
234.4012399840604
233.1391901025837
279.28859769986803
277.1017619410377
269.2523246132052
267.1623730326406
266.07979907264564
261.1832543751985
260.0993940498835
259.05116878012905
257.33544767475576
255.41384659928636
250.67555094511897
248.6115035947917
247.2152320446822
245.56142974889892
243.7434217001056
244.0970652806536
243.9336477592583
241.74251656552076
242.0999817213848
250.70498999987768
256.0012886766952
255.9450590568817
253.4135959698198
250.64618234560103
247.912436900212
242.6880498266232
240.6177172500813
238.5513882210792
235.8940003010413
233.9828744377257
231.24529998060024
226.8596255879848
223.86806190786484
219.30546934134472
216.6600539814766
213.5109245973196
208.66083287860144
203.762989551351
201.85034525928864
201.56645380638497
200.0544193518811
201.56077400463275
202.4762134632973
200.5219790441319
202.141935005019
201.53118085592152
199.41007057364612
198.73856885149036
197.35883454065123
198.2707776981734
196.7599505096507
196.1242686354105
194.77962035537988
194.20116617336663
194.2394033222227
194.80807493383665
201.1430067563256
200.13899360859855
200.72187212279405
191.69738246575943
192.3342765080345
195.56503909448804
194.39073451096945
193.16013502519573
229.397889578626
221.99247724954373
216.60052523781445
212.4591381514532
208.953755779874
206.30888158147135
207.2069031986612
211.8499750201804
225.9032655233827
233.5209665695569
236.60770973163545
243.17895450705703
269.38155448298903
246.95967324842576
220.76247270348767
208.2785681928349
197.7118547195055
186.13428108496197
177.74442500046248
171.49522094275042
166.7238967068811
164.36691849542092
162.21385903212106
159.94651742095567
158.78928465835344
161.03638345740987
160.32401422142956
266.51301346620073
261.87764803261695
255.00218459250013
257.4138085996344
260.49468208963793
263.18800429986874
267.13235086037906
269.8939316991874
273.22450513785435
276.97905054513745
277.67688507270634
276.4136695913393
275.47874535531827
287.8983320464296
297.71088467517217
278.70063659032115
231.19143916371183
215.6823970818276
195.98995923448985
183.6003342560965
173.22593080531897
168.1652166533884
165.28927438985218
161.01782913369416
155.19804733938022
148.85858209945545
145.93698741403898
141.06265737909268
134.58794427524376
128.0705891964962
114.82422149306365
93.819489191724
92.88979024051524
182.2268105213161
185.0819704930584
189.1806335982028
201.4877954263828
202.80712164248888
205.90563346653008
204.43869550266032
325.5062053631053
307.390769811119
301.492130408373
296.6266511439157
296.4874518374696
294.9779636353254
292.62346074251275
290.4367657794138
290.09611232458866
288.81509122003325
287.1018804304393
286.5554576802228
282.97407984710486
280.0591614697119
277.4812366773812
264.8439448384189
245.85683340423785
241.20356334108027
234.15251040244152
245.8177237943796
266.0718061090901
258.778748964411
257.8703064301076
258.1548241543582
259.8993089687101
262.3787140608419
265.06148090077664
268.70122921295376
270.45996026424194
269.59640436113244
269.1001653551454
268.0397678246395
265.241058598857
263.43559152847257
261.50402512193585
260.6008639590456
257.80917904267443
257.38010820974824
256.05440541217234
251.48063067249765
247.17471355812037
245.09421919157708
239.59573882386576
229.4792190953768
220.79731272516295
208.3712071034828
203.2353672483359
193.16365119229528
186.84076505407356
182.74139769734248
178.7050447970452
175.1178938182874
171.63859617682832
171.24386721057073
171.3487304931339
172.22349254073086
173.47293466677854
174.88989909179995
177.3505574314698
178.45212742763002
182.24058081866664
183.8194002073432
186.6888752431199
189.68547128516823
191.44869676180303
195.23343762386187
198.54414237931348
201.96024246024515
213.2270205519209
225.9057817389084
229.23008085024117
295.6103216593078
291.2711361775883
288.8180034006925
287.067935861914
285.00308265925406
281.7565589082083
272.90872222800385
256.5261302827324
252.2024735548562
256.75121564412814
278.6728026181633
282.32638250775733
283.7139730277636
289.45979658694466
289.9534211101185
286.5012002246438
254.63780535824048
228.45615755721445
222.98051006766264
217.7778494799207
216.80531627577963
212.8235626532463
211.4884628683655
210.19481998579388
206.74661683164828
205.6600258623805
204.955897115794
205.4226779773402
203.77145559596505
205.45440277545143
206.7027035784326
207.90489818892615
209.03966023163105
211.03217930946573
212.74978941534337
212.17523358517295
210.5526980634556
211.9771157288826
212.4688842661837
212.43007918479785
212.46459195148717
212.131464858011
211.26363725883772
210.6899613997641
210.52405551046013
212.6333530352121
213.9965183336896
219.66874490569623
219.19392180891836
219.03864361399505
216.95417487540007
218.75346272464017
220.0983848231671
224.06201730414236
224.78095118594507
223.62273982962563"
11,御妈音,NULL,1,1,"259.6200076969491
254.66804705148573
237.433565251501
236.16940440808503
235.6746749964674
235.03792120450188
234.9336291153233
235.42867179763724
235.94220331614173
237.31268384525475
239.05240469709247
241.3346092381976
244.9758891972722
250.96439998179127
254.6785116094674
255.58722823598117
260.4079166702072
262.9109540906013
266.8867227921301
271.1258457010704
275.3719363823761
278.7360812768088
279.7029414187233
310.9878878530042
312.03075824087904
313.3477805426806
311.8263230516494
307.1889176415331
304.8562738740677
304.16836359612034
303.73120813436384
303.7899153116403
302.87472824997275
301.26539312721974
298.73861184966086
294.0127508906025
287.60186506287164
279.8299889427099
268.28610701211164
250.28549237508275
239.33622733836384
227.96233757058644
221.66787532297027
217.67034329423976
215.6586909683473
215.3593378580273
216.056563074085
221.25250048135905
223.4748423427278
228.20494503356983
233.325912875075
241.12238549444385
246.376795124254
246.91748199877657
247.353191732934
248.408235676074
300.9612235234736
300.95636218408964
296.9292080699922
294.64978553379603
291.44257608705254
287.8979736212503
282.7909532260263
277.8720720879702
272.4788012524003
266.84644584732183
260.7557697472041
253.4569205157066
247.71872886972324
236.65196360291023
199.50422792196636
186.0747739099763
176.3458270611021
158.3930318425555
150.96249182630072
152.27128102180356
173.44328913290576
170.4763083920445
170.26382222189628
170.0390013673352
166.88697330022077
166.13129697248257
163.59447986268447
162.73633977872336
162.13431933550063
160.86075427157022
158.62184753221717
156.37703135698135
154.36197911103565
153.21123040506453
151.6934682843651
150.27943799482276
148.3628960233933
147.67595864195025
146.03792547648783
145.40974018618604
147.45194031167722
146.6012384527254
147.16262406099682
147.21618962617717
147.31807967749447
148.03417017122948
148.54232759858266
147.22941830759365
147.06092370534216
147.05277609296328
150.78294662729155
150.01628158023462
149.6727393978007
151.74311327907495
152.24433490837313
153.15972530863203
155.47568866869906
155.7357292315284
157.3093526932774
159.73495125629572
80.74240075752864
80.18957421581275
85.73582396628605
83.36445980890628
88.66153416540297
96.62566471703865
97.18663489070896
97.2153964237009
98.10204755675572
92.62363270169416
92.6414862984118
92.63625903257316
269.31888100006
270.59535867340264
277.74618735953624
270.91087506869724
246.0484047404952
242.42172118389695
246.40925006067772
255.6232680909703
265.36534670054635
270.9706918703984
275.2740757542011
278.3434424823155
281.5981363391747
284.22707278350185
283.4351899846397
279.6513302361144
273.5996733595574
261.7301032039308
246.9985012545986
232.50920010553372
222.96982836614376
214.6385136160141
205.6976655231591
198.10709567209716
193.53070785270071
190.5092331495364
187.3992686201642
185.81819603592135
246.26235428639689
232.51968636737567
202.2611577390159
196.28320277058845
194.04580545555683
193.18204476184223
193.2237138018488
192.89091953112649
191.3729103231433
193.1879059320509
202.1921371724733
212.58280933774944
223.8252679985986
232.4864502734484
237.78270961785643
247.3699645941974
248.40461536219547
252.44589200766336
250.87347486951012
231.54274433458664
213.6100273348913
213.56190563126563
215.6230782632462
218.25014138467097
222.85931412985275
228.0671957756568
234.1834178840433
242.10952712682948
244.73126088831768
243.29883813125937
242.2798453623245
244.82841542414155
249.36657313988744
253.8739261239315
258.26978508156446
259.1940495835849
257.674345551959
254.9471649601539
251.3720746059043
246.72117518437292
238.82771606394945
229.54770687029847
221.29139492203944
213.88519712667008
202.5184142794963
199.97274642916247
192.19263621084684
193.02281439523472
199.1095566033341
196.3736750025518
186.7133874756057
181.05533667926727
179.54489925889308
179.91750392019966
281.10362895385725
276.58069279558003
263.08537795966123
257.19757768238173
257.76691267196026
263.2393338134402
266.50497482692293
268.477751492252
270.8060231088317
273.38568473017926
274.475808404142
271.3618912665509
264.23116848117746
270.47571900797726
276.26904753032983
280.1385300995138
272.35695922887567
164.31921568595706
160.76331623725875
153.46439738466117
149.55263826235716
118.31227298711109
119.60692453486884
133.17560666818832
99.06336781196154
99.43689079846574
98.9053528928846
98.33998991583616
97.11098137177638
210.02439629465985
213.6771221119539
221.2828287015602
220.1130288182636
212.24480111806315
214.1595075862621
278.3285970207812
271.5931049993045
261.6628504239757
260.36260257667595
260.13399226374634
260.1902861555501
259.8480874036882
259.21094573572293
258.37977743292385
256.7035404421633
254.27355398084387
251.18234642892548
251.3767171517617
248.60122862318624
246.95073090185252
246.1758399455653
246.40724729139112
252.3040681044328
252.6286966989327
252.67159884950064
253.52962439926483
254.5845183702811
254.62706214921155
258.6892971859916
260.5204727357548
263.2139129647944
267.1604699531276
273.01432280270944
280.12217790820245
286.28428141726164
287.95801908270647
289.0901427522546
287.43045612697006
285.09728847457865
282.1931882314834
276.96075515492635
271.90371945554216
267.59255579566167
263.03082818978527
260.09421045857283
257.77325560851466
253.93468176206252
247.76754300561603
243.4262375224833
244.13021758367185
257.2927104038193
215.92082761728037
211.95092317132696
210.0510095565359
210.15627686794107
211.5440075721354
213.92558669763775
215.08233225353027
214.87627404613747
219.0295678253929
218.0517808137716
214.7137298158456
220.55023920833176
291.62887706606534
285.7994017985049
281.1625545800133
283.7158392869777
287.6784669911389
291.4214163139494
293.3929383349729
296.5229277211474
297.96667234105587
298.33765811369955
299.3252139902536
298.56738116087735
296.2815577456188
291.47303438495794
285.81814880394074
280.6813644126857
269.4267959086762
258.22584708480264
252.73212969510712
234.77138976242256
222.8518787081594
214.62124283390688
201.9645817390288
195.9052028460565
188.2912365064552
182.5846579891594
176.87248059100824
169.50140399073234
164.90138333209168
163.33880159955203
162.93694612070192
161.0252191574031
158.1241679350234
158.25173069994497
159.47885321118167
161.5340355499738
163.85186891000723
166.52987372399303
169.29139100783897
178.20180800946912
215.33076055795925
185.187192632734
176.00147729567388
169.34038498520522
168.67418440207297
152.7347219282723
142.2176197491286
141.18664415024975
143.42549868872734
142.82607444721398
140.28180002732847
193.07751835464407
185.76331623959936
180.33466795563956
177.70487235063703
176.57288068117683
174.71314977836053
174.4418046569226
173.38996083762052
172.294604163666
172.84491012948206
173.94808777716523
176.5274066371763
178.39271595262653
183.27680437205348
186.61255287483112
188.92891392444176
192.88384069810607
200.97894120571544
203.31632536495053
172.93345259527723
168.16784222829796
163.72527921377326
160.72255966097393
158.21715332012383
153.9868441812999
149.21203471078903
146.7275286029948
141.15354170557808
140.57921256633074
147.06278496553017
159.9859942951171
158.9736397898308
160.106477311417
161.98502116768512
164.95742315845015
199.4937205980356
200.6055731622524
210.80948204927964"
12,软妹音,NULL,1,0,"354.3697551810726
338.81857736727267
334.46700070952977
334.79622380162147
333.63041144306885
333.17883293155097
334.6567802208112
334.48966598596263
329.7538878086313
321.552935047768
378.9972941915573
361.2183819754418
357.50352434222646
357.71232071414045
360.3055098200952
365.8231118727
367.64569930824086
365.6412867949138
365.277086260806
356.2083540140947
347.15170532605816
373.4675569147363
378.6994234353398
375.9619005940728
375.4027619025974
366.0370121350808
356.3716523999097
349.55225675360794
343.72235401613045
308.9055995156148
291.43757047382644
287.59050511837177
388.9966686674707
388.31743129418857
383.8675107692488
377.696696360689
375.8620466390554
372.7266008125564
365.3895947660082
359.1140073354356
350.63133140675325
342.9241718867028
332.7265987270697
323.3142169689728
320.0886316725371
321.2007542920355
318.08740135041774
329.71773054540864
301.0336291788901
292.57486903836065
268.7262162743952
251.94546665601604
244.77232442942287
236.8908672511774
232.0664182835017
230.2537033965904
228.8805228193276
224.30965499963952
220.409231146724
211.8277584745136
220.99605719028293
227.78502498587224
229.10914570275
228.20735550429373
273.92063969363744
275.0699385370488
316.32334932746284
316.19681632561884
328.3742538623437
336.8578292673812
348.4332742530962
360.9856956150277
371.7670669068074
377.8379227087221
387.5902023746051
390.65008696170776
392.9974868520711
390.53561004174776
386.3637889786056
384.2304614435376
379.7577232888748
378.15695515775184
376.3903986975304
371.9500641267742
369.43225843360295
366.36767175471965
364.7731996396811
364.85199716025073
364.9495189491625
365.8165338148926
375.97610839795954
371.403595994316
369.7802851932041
369.2923170120379
372.0845800575589
371.61100355615497
366.959570615671
364.41370692286273
361.6764369950147
355.57107829497585
345.5503475742137
335.7626181426814
336.65308310398007
299.39617130141323
289.7350330335745
276.54369815051814
270.1064581655729
262.66644865198384
256.6921379890754
250.3249245789385
245.40337082351328
240.569271829545
238.1116608358244
237.09383992980827
234.7033053348527
248.360307944856
247.88410547432147
247.45164887692368
244.26784508943837
245.1912388082839
245.6323767354524
243.70336363690467
242.2863761070334
242.71089302591105
242.2111886196809
255.8532555540069
259.67510586797914
258.9807023338569
256.6894562144852
248.8234679386977
244.1011509075223
263.26037762739986
291.5947853434022
260.0644370798239
253.21934807649163
251.4388243231281
253.37252231953204
253.34345815521252
254.64002491961892
260.22038745477056
278.56689414365684
256.8044678584387
261.14399976745216
241.9579864234329
238.34352265941288
232.171719416106
230.85646022133832
230.3138892871313
236.00360243508928
241.75888314663507
251.50187412395792
274.4181624351216
297.7351833047731
264.70194978834263
258.2646647759423
253.52305974776024
265.0838490026013
264.0165317145493
266.3167697566467
252.61320885093883
228.85491132408004
220.0093663418809
219.77656050492
219.4669709400464
220.9963236141902
224.6173594650548
225.8670460148723
226.7767836498096
228.28695003549345
227.96308433167607
226.88671508569163
227.6331656892815
228.5830183215848
235.39212731088847
245.67841576123425
243.4984311638706
244.25943418022396
245.2503432376224
245.4178110312192
244.5030889166489
242.79862461033477
240.9229002583984
239.26839163866185
238.1118272573415
237.3956997174785
237.59553795009936
236.90209208671965
253.95138251808115
307.45677506503915
317.8718670106936
305.4560721501606
292.2587848061264
290.1004092942754
297.6163318264644
306.3479821913932
323.36975673432045
331.8624927933246
430.48091736116265
427.58270903406753
417.64363968388585
408.791722313292
398.3682892326116
387.5815668422282
368.922029356136
343.154492452914
327.63207255246977
313.479066819061
303.90844946775223
306.85444840974765
311.92961194102026
386.50686333414063
384.3597682163618
382.3339087478856
268.5033955286264
267.2365415230452
260.8019532636976
254.73554166401948
253.3319290597903
249.2841627161025
249.9387743986673
250.93225498380767
250.92167517159143
251.13269155135572
248.56897533303905
243.7926061615283
239.2076483820137
234.88811746746651
232.8335849606256
233.81752568449048
234.24757925214783
236.52855591937504
234.36444177941084
233.50103902943928
270.12603470868544
245.8032872417863
221.7959110237188
211.98204556971507
208.178711713583
209.9280060651681
214.49277979257545
220.0355355274336
227.97054680274243
244.8075700945085
273.87678340533387
290.5789913269224
310.4380957692309
326.1583840347098
338.113503625236
354.84208126706164
375.8413562856054
390.6882874695863
400.4327519388207
408.95718814728536
412.262156480923
411.63596888347087
403.6408173735652
392.46255130019705
385.20762054751896
366.7953007106673
357.27292972391393
347.91785363019136
344.8674226141662
331.53325631808326
279.06745218243015
270.4017944550705
261.9027119217842
254.6594706889552
251.67014447683044
245.9601159580304
240.475226819832
237.23618492858984
242.80409354585797
249.10599444899708
263.5458135261365
309.390562037893
316.4122206146219
315.47018751558136
314.6933575309858
314.4064235920373
310.14550602015106
304.66750176323694
295.63041528082465
284.86918667440943
276.52424728778635
273.38888088339297
268.1687066323166
265.5688135393047
264.48827826554407
270.4674437324712
289.7439770880164
353.7318371761403
278.1752046317173
271.6186095225806
265.0990882746717
262.61882810837005
263.21334515646697
269.26349749710806
273.3837921878769
288.96407827007704
300.8570358890445
312.7378553426704
313.9017517374228
322.0748320509061
298.9530085116179"
13,少女音,NULL,1,0,"254.8442735974692
256.42199298702434
259.02965064581144
260.71148088472245
262.1678735486856
253.9733709358144
251.4470888371584
353.0892826510526
355.27956682387475
357.8120217057706
360.6975692056506
362.42538841513925
360.0917753875757
355.76351501489734
346.0220854953178
296.3554914323538
401.8183701620608
405.79669213354657
409.2865426361534
407.76150281257793
405.24007311932377
401.9203424486623
398.926698427991
395.3344382548802
389.197157469127
380.3801699257304
364.9289294929173
354.4280457865541
346.4698722912466
341.6106430704091
337.37752191752185
335.55841556938685
340.92398167761013
349.83784509447145
351.194105374673
343.2778135947455
458.48387554941536
439.8436249690613
434.7561707756566
443.6970065943058
453.1799538775576
463.1404471584586
471.9336512426588
480.23296344126095
499.3157510500491
258.01685711697155
256.5659115939587
249.5443050468712
403.2897841925952
401.0961448283044
400.69064287425
304.2765824365936
274.26736625027394
269.2677620549993
254.56726925920472
236.433068266088
226.40042094231285
222.9993565526743
218.843750523714
216.6837996734741
216.7446583774933
218.39781848151725
220.2406063172256
223.85345553444853
223.39175951430497
222.35393165889252
222.30915817991897
223.88140839416272
223.7322710938476
224.30594558071672
224.49854595542143
225.488092352753
226.1205697174914
227.49143540844065
226.9934351255322
227.8648401923137
227.4231912126409
225.38412962506808
224.7614347102032
224.30565614505096
223.0212805197345
222.88012863707556
223.8395620660161
223.83359747696693
224.0398364318989
225.4166371582779
228.97514801141557
230.25304284904195
266.8329010016571
274.05091931529086
298.448335393539
301.1663100541465
315.5230642133128
346.07216609534254
349.55597142003506
351.36695919065266
346.7843755978866
341.531509841094
335.5927993904544
331.97580453991617
333.0123165850507
335.4867171307926
341.96840354299724
350.2749970245656
360.93740848905054
372.6471109046914
382.4490963144176
390.0241855026395
399.39993878665655
411.8579772330217
424.3541463583945
439.5067794596164
443.29913250330014
440.1606321690717
433.32161740453176
423.4433585994125
304.7713964089534
295.47024460633924
307.2013282613352
337.77757988422707
350.1093255222085
345.5017408130474
328.8104141762676
267.5538372041693
261.7820260787472
254.74585982240112
244.84773145798889
244.66203218851717
240.12773778350643
232.17315351833255
227.93993636116204
226.081182547468
222.3861981016451
218.8241822579344
251.4219994955135
257.8987466883486
260.8093299657966
259.72686724463296
259.39982684775964
259.326435340754
256.50119420134666
253.64247804635448
260.09260162047127
261.7941994720465
262.6031037939562
261.85191502200684
260.5832089022407
254.28476668979147
251.95064170898831
236.8486469248999
227.8950041938162
227.45935690908271
229.8788368694522
235.09301302059924
243.4000604429068
256.16910687600955
260.3948019151083
275.3797021566161
278.2001299098323
289.1763981145445
291.1073695866133
306.46703852521574
274.3190008847142
266.0783311089584
260.4041511942601
258.24207166415346
258.4523061468254
259.8408161216263
262.58369457816406
265.53456293946994
267.55385205225485
269.6541171023509
270.9524580121057
271.42373508905825
273.54336207782694
278.7522087822736
288.3555580750962
297.29783898610543
299.2219273794421
297.83271822045646
295.1625481330065
291.2904769589954
284.44120704072435
276.3230027014431
267.20047172602114
255.96229580197104
244.10191908006595
253.9908647270719
267.2072749208224
237.86860790241116
233.44591589094296
232.55133976855265
235.12786600772367
238.55452303797728
242.51137423978287
228.89468184836036
229.27932470642173
229.703906231702
262.82745265511244
260.88161735484897
256.658249584202
261.45349024830585
267.2918326098143
279.6510521685641
283.76555722059874
285.49209927845465
278.1328997757913
278.16124037496496
285.50987725764014
291.0189698009423
296.0470195782554
301.9478537647576
314.3219856127925
325.0447111952777
323.7823375497636
321.0169867118131
320.71628454330704
321.9134519325637
321.95990201046584
321.41189294112684
318.2245185073983
315.277434969865
305.7086892804508
297.6463541282524
289.7607531663336
282.86277003038015
278.2478216206439
276.9114656924701
275.4244722246086
270.7940399756408
268.8213244080165
265.71853019314415
263.8908196399501
262.8311624743901
261.45937686527043
259.0389636529362
256.570377054747
255.06131831746148
254.02866604825425
251.6281129244699
246.03003683847388
243.96847888781028
245.9763392425503
248.52530566956847
250.86123733723232
254.40608186829024
258.6428559173564
261.57127971390844
266.11313318384987
270.85775188682845
276.1921364589853
283.2663473745829
288.587425705486
291.41101804173803
294.2982545066837
299.25086491803813
305.5033614066928
307.8635552022409
309.039211145082
310.59036240071725
310.8671308023594
309.5207898248062
304.05372203385656
297.7622374734341
294.28185942823217
360.7750453201528
365.0994752544786
364.87069696596615
361.52130449441216
357.24549212413064
357.1119422946443
358.3008334888977
363.5405103714332
404.00642357975255
399.6427645608237
392.9846779313213
381.8894469290692
360.3834643070915
375.1133411099315
385.6389422194122
387.7857340082956
389.5423547606931
390.489291621331
388.69248417794336
385.0358765293052
384.6089553961615
432.0634239788058
410.7759646804376
396.2259614575677
388.47265638266896
384.2699368350698
379.34803584399504
377.04552802166666
374.7536312995866
372.22387171910685
369.57440847767657
366.0997921597318
363.2936731446697
360.7004975871607
358.14266380636434
356.58411788845666
352.49384413438383
351.81545914837045
356.1404414346854
358.03889967872817
358.4863786407707
284.71728339800177
294.4527275586029
305.1799443051804
315.5419661605265"
14,少萝音,NULL,1,0,"341.589692314291
332.76111743870223
312.8235202566448
308.86142580339487
309.40479484362794
311.74626125765604
313.61705332452976
315.207039320141
319.3771085597674
319.0043440947848
340.7828147413651
346.08073417478323
347.0471365887928
350.32061083168907
350.6615632090743
371.6571494269575
357.0923546375177
353.62485548274026
356.5190546212394
359.0123380323557
361.8052252076202
367.2658358393615
371.2220453159368
375.7053983565175
379.5723526546413
385.6505922863464
389.0446962299555
380.1420507611494
385.83268978017225
332.2008223432121
325.73863849801734
314.6037981001223
307.6093248128182
294.5178380378629
289.7185858618869
284.0086062143519
277.89520998027456
273.09557004240884
269.8999937148569
266.5532012393705
264.8872821599998
262.208594260681
261.2653219081477
260.4073364409397
258.70795212786834
258.67855403127754
261.356898547261
264.8741755372613
270.45652667553634
280.31890731497407
282.6764718029366
281.975294777962
299.6795414953422
304.3637226048558
279.8723797476604
278.2545567782143
275.29211269764073
274.1844284256297
293.293642026366
351.58770587447606
361.5472471089727
379.2754115889306
384.1760307843702
388.4053858121893
394.5945855159383
396.5865978415106
397.1232283010679
399.06676721925794
398.1423918639876
395.3457850270925
389.3205419447565
383.5875903320263
385.89388755589016
386.2686382476285
390.2894082720922
400.9248531753649
407.4798227258704
410.0429126123072
411.06954010207966
409.4257170834975
407.3374051641043
399.82343732971873
392.9218191146972
385.54729578601234
378.1439005029125
368.5898620335673
357.4021978155964
333.94476476899433
324.3221165259291
308.4458251642285
299.1530371978544
290.4596787757888
286.89836030049497
282.373261881493
283.0996029261539
287.75187688306715
281.8888068147276
263.5661535627037
256.5064922938161
257.4183972774016
275.3180822550569
269.09478004279305
255.33668380631943
252.0243518719581
248.89491023109173
246.60553350910516
246.1124760037253
244.91742485010903
245.1784584299947
250.48717462376013
253.72334174125783
255.29016176179368
260.64349665234715
269.1509540353227
266.5478753266377
268.4474774685411
286.9005951671702
262.1858979240241
254.39788958958843
254.30260066652315
255.60482271593452
255.72058348576047
255.4648072629451
253.92550156349
253.9993511982099
255.39872066205413
256.0130358493153
256.96866160831985
258.3735768323719
259.6551517752455
261.5123344833364
264.7305025158528
265.94400294371786
266.17020029008194
266.2645810630448
266.177234282362
266.9447421076573
270.63683505109265
273.83696777851
273.3342216958055
271.7063486866823
269.68873852046033
266.82925093467964
262.24133470006507
256.5718329215634
255.7709525032473
253.01064791004728
248.47114677787263
249.2333602655282
249.0619848260001
247.26246307587624
245.7468345370619
256.55597751314474
253.08225587365465
249.1054753664584
235.0808821363029
235.6394500710161
236.6371988554335
233.29054461181505
233.65762229623112
233.5910178768352
231.7791033070112
230.3753912178082
233.0692271863601
231.8653318649253
235.62165805468587
245.79185807788969
248.10906067550548
301.9125573181794
302.80145938867696
310.06807473008064
310.7598912498325
444.57451472962543
402.36797409504726
338.0088251196443
309.7159807868727
301.8454378402112
297.8121434097017
293.6971001483495
286.93301674673467
279.2640698938368
271.9210642670988
265.76282011499245
295.92628785979707
280.88804059747207
283.2452162869316
289.97190795254966
293.3374308066879
298.6010441542072
301.12315824345933
308.1967350407458
307.7115646910407
289.20965708012307
290.8665584505898
299.3473107241037
325.85482695535103
314.39089898542005
303.5611472385712
295.25181189731893
288.1427119305008
281.2854904412653
281.0113775967851
278.47223370898035
272.2520645914652
268.05871349398313
265.8980058318842
265.3695501962329
266.70099721597563
267.89006356942446
267.8968033522135
268.41424872280504
268.965413934067
271.498187281396
277.060045772478
280.9413857563412
286.92935375306985
291.8313869155504
295.3543951528995
298.1703302319353
303.91220539885984
416.5356821678042
418.7871209622385
403.6388432161145
404.3439789291135
394.43440709378
280.04324493543027
280.74245685100533
277.6015456097121
270.7146916214396
260.56338467308126
253.20144182976705
253.29238678889035
249.7360275094889
246.1784178291877
244.55801459054817
244.6456909131584
245.1080470127257
246.93054941759064
249.7649186985447
254.71846068103528
259.01489066002006
262.5230869785047
268.85344551954165
277.0431833827861
283.0341588729655
287.5987626958
294.6398176125819
297.2920959162985
296.82727563331144
307.3313458171816
330.0608136968951
335.82248991030224
333.86411621210715
300.71609290317343
298.3390381844326
427.226028736041
387.85484757506833
374.2997283277678
372.1372983917908
366.2070222454251
359.91019944715936
353.79967803097765
346.6440718183554
338.6140547668082
327.6046185792457
319.1162664421048
309.8844396293414
302.43113635920247
293.92728177127026
286.8301495391217
282.6027072786863
278.1939405236279
273.2741285579054
268.82314199976383
265.6203245432648
262.51656691158126
260.76637458048833
259.61145573083616
257.33003966446563
254.00175341335947
252.2270806586188
251.05368935560432
248.9075758469256
245.4682132006261
242.1972954389342
241.84494732544243
241.77430763890044
240.84488651348255
239.32885776071333
240.0472642253851
239.88050370346912
118.18049781273632
119.87401564653516
122.36494938771632
123.84083704131062
122.67426908189204
125.81213429483948
128.33607833955108
87.16444710617887
88.32883872778046
88.76228093981024
89.61713110335316
442.7637516520118
438.9664874830328
407.8819032639487
359.8592914416356
347.2365834429665
330.8970241487892
318.9687031224393
312.19350668429325
304.589628531781
299.3701627956204
297.85875877611244
301.54941202816855
312.68585641292884
328.2432309674608
328.4535999485186
327.23309288560944
318.27120422927925
313.3353113470986
298.95999233998816
295.4179808098143
297.64677323113136
300.9424066347855
290.08352608208133
287.2809639729137
282.85403367492216
276.4919958963554
270.0543743985479
267.03798820883287
265.1788184054042
261.72486570964827
261.13393305280925
262.6603420154945
263.0055011600476
263.86911873533865
265.1352881579174
266.1109251101388
270.1821808417146
272.7384897293315
276.655733364964
281.04992388091426
286.8870384598822
293.5473145257178
301.9882932044016
312.09633059802
326.13020233072376
335.6432700343616
352.23649904272474
366.9136462793361
370.4770482759894
377.6776498741863
384.4120419567214
391.6860716404941
397.1939573781967
400.76216088616513
403.5505773705869
405.7211983838238
409.3749494400859
411.423833956602
413.2989747836045
414.04660607384966
412.4981776664978
410.557793673898
408.0945888261635
404.424402668837
400.2850097527019
395.1557635538423
390.4554641409136
385.9262177110516
378.5170359453605
371.7295725052625
361.31689760478577
348.9127458007422
338.51926162275646
327.73445100246056
315.21421862660475
305.592514588579
296.7542624373938
288.2672491571567
284.369626908324
283.2992407305418
281.63414122193893
278.78611216569766
277.0704018857106
270.1261204783341
268.3907226747827
265.83245632500496
261.57272705215127
257.79927955491866
254.4836843846128
253.8235209398453
251.3744383007686
248.89915472830916
246.6116444085171
246.1737904190532
245.13709680932644
244.80861954044408
242.8478533642188
242.77300859702143
241.52868983470972
242.74538960553
243.3778143577956
244.13732648215327
244.22000446474811
243.7443831987705
243.45834095148092
243.8903600560677
244.57962915339064
244.81460183281555
244.41085548022437
244.5765787141201
244.81105299313504
245.7724995463257
246.9655731983445
245.7348207573264
245.88619450981187
245.2174895484696
245.1883630737148
245.3196772968641
246.2108386320487
252.2480484052961
253.97410510486748
242.94707876787749
241.11368089623411
241.78959202186323
244.18092095225757
279.05289778990624
278.08857018572485
291.0732034421775
314.5978574991801
322.53988236106073
268.6298549996305
267.9524957134544
273.01824501829395
281.2915577151037
279.69151112384026
277.44891576087264
276.3067227422448
276.86589520857586
277.61421176363785
278.23355054572164
279.9644870599776
283.85403293168207
288.5612667396497
293.2435039329398
299.611936652342
307.1826172298457
318.0063539192947
323.8010952201957
335.1428498379294
344.8609442792746
355.7044047567258
362.2599693236106
366.8343318261427
316.9915391582618
305.1437043551323
297.4130412783068
289.1923070834476
286.5058663516864
283.7712698118908
282.3258253695377
279.8031685162675
276.18923765439934
274.47531070855723
273.698741490144
271.9140862798026
270.8795885032367
268.56365661009755
266.44829343236535
265.86997461218886
265.35985005904377
264.81556231016754
264.09171697630313
262.94996510139146
261.1749933257772
260.1000389221931
261.2751689625484
260.8151573736326
261.5260359641393
262.3972155859366
263.8525672980431
264.501687893072
131.85391970001294
131.54573118778472
131.88531575632274
132.19455124702742
132.2237125753767
132.3342881020113
133.05045596639923
133.14887468387408
132.9108584245373
132.7950838821068
133.12968420438452
132.082943016265
132.61024267796057
131.328656806965
130.2879400420356
130.54810501680885
130.3402806131056
130.02145930229267
129.91798442244695
128.71131226663147
128.4079479902719
127.9451204554862
127.61904202606314
128.34309770729766
127.2660078433444
126.6464569390176
126.17957351685077
125.67832450889034
124.84430843898046
122.7989767270978
122.60915845810288
124.86659871853377
129.1003883592575"
15,少御音,NULL,1,0,"329.3788865325561
302.059898924143
296.5295409803966
294.79376765026325
293.8283562669139
296.50231885508833
300.8259420904702
305.68569012995124
312.5535180550918
318.3617591462633
323.554511856399
327.81480524279465
332.93562608213534
341.8318592611478
342.9998172197595
294.59097905603323
272.9776225315308
240.25845275204824
221.72055241331717
212.6384919735624
204.006067693512
196.16293218299896
185.9237433151784
181.57985995682105
178.1812584126174
172.11153542943254
169.27116034798135
165.1440116688223
158.22572481850952
153.15502932505103
149.6432876188918
149.87614157015275
147.9799829020909
147.33841381921113
148.86963017121752
148.69138106639645
150.5716493067457
152.31852411521618
158.51059448669048
159.3234100657424
161.36918552517122
161.68704282870038
182.39733537593852
180.52687155482795
175.75901882600292
173.97971932302715
171.43953771279706
170.2131123379805
168.39874578091602
165.72005333292088
164.49908863144037
164.23799970968778
164.02455581501383
175.1329293984598
174.50839663930242
309.2889629488312
295.4214327581577
292.60360844439657
291.9164437647305
293.55467465260534
301.98688529724905
303.4927038971103
300.39874171065395
293.92874514803043
293.6039589775938
302.31293032653406
308.7361083536702
343.4858777302388
344.05511882334923
327.06987594837165
304.6212174453951
296.3555050734063
288.05063428019935
279.8395087569443
273.6174748457286
267.48136037815743
259.0122024075756
251.3528239514844
243.6446377444977
233.6125369696575
230.6683338752873
229.2461112064636
227.82899956423773
224.81233619764092
204.7784278833906
203.2387383187869
229.26358259516115
229.693337379158
207.14516850094907
201.73345603066437
193.1684037709819
191.10257575077392
191.3075471955639
190.0199087027881
188.77668871935344
185.52513389406224
191.0266011966612
202.6607850835628
197.4302629200906
298.4972732988231
287.6423800997204
285.61167624878635
283.8438235152665
283.3255317421431
286.93409188167425
288.5234094880426
287.8135826971086
284.5168646196462
279.96620013692973
272.60491878238184
262.5517727312732
250.47654201020543
241.4445012082465
230.48619354442752
221.51733718840103
207.7012312742613
198.12950784117552
191.01802351017307
187.6275244188972
180.39189914911643
174.9841796405457
167.7695109661036
162.23325586160948
156.06054412380652
150.12723562960122
144.6058883366289
140.06432506831206
136.88586185511105
136.81860416120998
136.2701008833578
138.19173292918336
144.3193475905461
147.31459372636218
150.28322443893467
149.40652747644432
176.17102982664989
176.57223664042414
177.41410663662708
227.82313306934267
217.69322216923803
215.63836108832697
217.6842243363806
219.04951291060368
222.8141950988297
218.3282790569312
215.63310678621104
215.07746555493048
311.9571646220344
306.8055268048667
302.6050528788344
300.6095044348201
295.2976110910119
275.4714974425908
271.3597510290707
256.8950486039441
234.8245233634474
211.5870911626716
206.36434597929792
205.6654024673045
210.22508357383228
213.88951302056307
217.6447161354498
229.12166477759715
241.08613691579032
255.276992273058
263.0478214283288
273.993651210016
284.5750462694373
187.18409771967347
188.7796256885979
203.50739575534752
202.10641914019263
260.9650572603157
245.47062678410336
241.49788203499867
147.03426244309483
125.36553888287398
131.15263803003344
134.13097474780182
135.9811095094576
141.59068209539325
148.7784590895493
152.41853617181033
157.89707905134617
161.23557310889203
165.56876190368425
170.14815862497912
174.09746336611798
180.52481900203745
186.77991122273656
191.68033135164225
194.81020039554696
197.1430197450325
200.065377364814
202.51625123607465
212.1354334431845
216.95367854394692
334.072268199373
327.7577141469326
316.55207781143326
297.801160621613
246.56622240542404
236.62772154768845
241.20854748218088
283.63005982487715
283.9428149613165
291.9426285778325
304.86342185744707
310.02479638413087
312.7549271332638
309.920508299988
294.00619374519863
295.4773894166792
295.91977308643703
203.3249085778688
193.41047910415855
184.31344100340485
169.20032186931957
155.82638631699476
147.28974032115033
135.24428256692386
125.02644286517344
117.34334263360986
116.68404087625387
82.12239719872638
82.38868039485841
84.78641770842992
86.42943979167975
89.53252709485217
90.20109645204684
90.6621805291831
98.19727041185492
102.09274723921509
92.9049204349929"
16,萝莉音,NULL,1,0,"489.2508948043623
479.71451913267856
480.7624084142542
477.4998736293434
449.53064389804376
403.0645057606514
360.91352270221046
350.12606382653433
351.9794026816283
354.52605611169014
357.43515246314035
359.92037736152724
361.9533216250894
363.4226744227482
364.5639671553006
366.241519158945
369.2333656381043
367.8033259587124
367.798077499346
400.0220223198873
384.8247957592815
373.75460696159456
367.7277650886734
365.9009119114232
364.0823414411466
362.35857799310907
360.2151376528271
357.382575339722
354.6925746417843
350.8172939842938
346.1434714686661
342.1354283920271
329.5520255283761
324.6276517865126
417.6741472368766
402.8966860709946
359.66219903418653
358.0611040036609
359.6228247496199
361.5163717092307
361.54140501093474
361.3248347600589
361.5648422669839
362.4575999502256
363.18833184933743
364.4101662242932
365.1187867925289
365.3313496489391
364.4961747134182
362.9849967574414
363.09967616219046
362.1567392316705
389.01806451451296
382.4509828324845
374.6328712396299
362.7475046286744
337.5968673283288
335.2743669564037
332.87115074912845
331.2328702742556
329.25578863316093
326.6612519139718
322.2780734623974
318.1864402808007
315.02579872182946
311.1982752770861
310.00852037268527
307.96085462995086
304.5207763102364
301.315733696362
302.25258300886946
302.1923983151116
300.01516623859334
298.25413215911595
296.2265084518253
295.574277552506
293.17170449137205
291.2983885443496
289.8205442095889
287.1478711977774
284.43061719804734
289.4101689082285
338.8100223718657
335.0486682156849
330.8240579185275
324.2949163541192
319.5646460698612
316.194932027428
314.7725618530393
314.6476183005224
315.3835021068121
315.9261009979324
311.2856447638532
303.0643149197286
307.4363817414128
436.4335613264441
390.0007372165252
387.6157366932727
388.18403468014026
390.3381318506184
392.123048560253
391.5104942181738
390.7304253905833
390.6845697020665
389.9683208019782
386.1701619043909
386.9517605195104
391.8867172951394
392.7413039204314
392.9421762760937
403.20777905197184
389.53008237322814
380.2418032627932
357.893283047938
355.5721435709917
346.829009265767
339.44536780979075
331.62065629966173
159.23579352894012
156.09111703014233
153.14463143225714
155.18099542371397
156.53898093105786
152.81693443182127
364.2266338727249
334.71476992395657
322.24828163960296
320.9045842381189
320.0874940139703
320.5584488696714
320.34350262841383
318.6144118177192
316.87891352878205
317.7426530982864
314.8418989128745
310.4137708999731
309.9022455752012
310.99416178697874
311.2486639837137
311.47594349615736
310.09515462652746
307.88277431720303
305.7902253388592
302.603267064885
300.8434332013616
306.7527208294945
305.70120246514085
301.7708291704715
300.32161082786854
297.23259196037617
295.34850135954207
293.98368013538567
293.9763920006276
294.2589502293646
294.2606921801652
294.70306266900513
293.84711972890165
292.9782977056971
294.1124412253771
297.5211574522314
305.1790324861132
303.60829519500595
292.44715738732265
303.2804267583511
299.75942032927543
293.75078512448204
292.1183291581938
345.7129616316683
341.92475562568404
336.1331248278729
328.83221908898304
321.85076954058826
318.05327265237105
316.3584217417087
316.18852602014675
314.2108872526625
319.59779990256976
333.7073014835493
345.0061551721392
347.7800512571051
321.95497626748346
152.84132712180718
141.25694003604997
139.13585034625544
137.6330030346039
135.33814326569166
134.60590356364955
138.78278903474103
139.3727311634758
140.29612063011808
140.599895874339
281.5963589191754
281.6547818925131
280.4691221545653
280.20776235473267
278.408578904764
276.279979834095
275.29764749529966
274.98180325695927
274.7342035513995
275.5850815935287
276.8310101755417
277.09744176337193
277.6651286875921
277.66098270132454
277.8426589484177
277.413522927338
276.8312799039406
277.2229194378081
278.01732603913047
278.2712771036944
279.64657394689345
280.77655940521834
282.7601988504834
284.52148452433954
285.87824348890774
287.7059566275105
289.83164316601346
292.5955756246546
295.4070677402294
295.79021294566445
296.11240564010967
296.5807044677333
297.05733594714565
297.97455265918296
295.7162921001019
294.3068008403645
293.2197941088367
291.9344228512797
291.6519344442298
292.29368389591195
294.183345141725
297.1406036330952
309.3091671135731
306.9945013085579
305.6423125014784
354.5812204486584
291.7096414640394
285.3537025952457
287.76470163431827
321.3956515221832
324.3796635507309
314.5236936546693
306.1226407977944
308.0130119821267
305.8165264124414
305.4659068865898
304.81423549921766
300.6976707799357
296.35630910732266
296.30001733753454
296.67781130356144
302.9187207926876
305.20743715397265
313.8348412243856
334.96820322087206
343.0862528054999
321.11888555682725
298.6100891731623
394.7572176816277
405.7094684609671
405.6285807735129
403.89862737210296
405.80844503614105
409.63199129785534
414.2744029290024
416.5883654801843
419.5552420830323
433.1193049469295
462.6497534306619
472.541683176307
454.4822137495403
331.9788066360374
328.6671116584129
328.3985741853244
326.71092086167323
323.51864624491583
323.95944487189206
326.9385276161741
329.05480600423954
335.03870049964706
342.4321648574578
347.5886128108553
353.6180659160918
362.838270399587
374.2644630064213
387.8227951546427
379.9123486035683
347.4944442900385
337.6132528043159
332.18346931978823
328.8946525893535
326.6823278040266
325.1213218221065
324.0966419488778
324.2149224114841
325.1471989762087
326.2294659227694
327.58756202921364
329.050086529734
330.4196879874325
332.04272428524376
333.98370904704063
336.07928045350616
338.4437544429038
340.60850813238807
342.13758947853665
344.76645091139795
347.5804365337747
349.63115110940413
351.3920180238431
352.64659907275774
352.7893779144906
354.5160284526025
357.0292437729513
359.1410892412505
361.0896866044221
363.5165770548354
364.9133654167303
367.4782783276608
370.38193382423793
374.2676437173015
376.1251019477258
376.13045257439904
376.8989852355404
377.2149879573474
377.9463944096597
378.8309592980681
379.5387290736972
379.0527878398035
377.7434176721759
375.6092239300955
373.7153473502776
370.7413050841158
367.1821050725626
363.6290396343637
359.95017595592424
352.0250690318947
345.3015177720448
338.5695010800645
329.96685500736675
326.0780850282651
349.83323550507305
337.0658662951978
350.8073007407447
347.57192766642066
348.8239116997094
350.621730136374
350.6830705800225
351.4333410074243
351.8656462099358
351.00336970604803
350.62081901809574
352.37429500735
353.9824724093235
358.18841446073674
361.5355354550457
364.7350718416637
366.19402195200576
365.81659260676827
364.7384213284819
363.9964560935612
362.655957777129
361.2957697955797
364.2111217373767
365.56458207410407
364.4476125228463
363.71065386979
363.6836023324906
362.4845403433562
360.16373310362974
354.316781930828
352.22018979815624
350.2358432702818
351.90854503932377
350.4028205975311
336.56426501361256
330.3603912395492
327.4917707186472
325.036403040694
322.3389655397229
321.90061788155344
315.12406580601345
314.786047629573
314.1158788872813
313.2180686653941
312.27320175252186
312.3097251257066
310.9158378784249
308.75827903275297
304.81472552220845
311.5729795280332
308.8007674823345
307.8612080574071
315.793240378637
312.4992578248408
310.9788333646719
311.1165877673029
314.0448190506569
316.8089619898296
320.6915918464904
328.0842907021048
338.11590785305475
350.4709978962064
364.61150769732745
381.6947964408392
404.9937502668743
405.9096620100054
400.38885733757024
373.16074105694753
349.3279413651306
325.98568389721726
315.67460998146004
312.2723702918664
312.6904871610453
315.32333614737104
319.16223370547107
321.19247569830884
322.0063206824827
322.1047805041859
323.263999273277
326.4039100936135
330.79575813120783
335.7490048397565
341.8673372379946
348.28347213061505
353.8721170305312
357.5760733525603
361.8826035159223
368.4174413049676
374.05385006153625
381.9297320986303
384.73244212687865
383.6782514785256
385.49794403101066
388.0298409498385
390.54640360403255
392.16939257885167
393.1747800665714
393.5238554988068
395.1942914498706
396.0700693750982
396.4741566440778
397.0177756399826
397.2966226298677
397.0264695133711
395.4958896526066
394.0698588615082
391.68120475620793
390.28899366787545
390.4966996669263
388.8364900684756
386.6508086398528
385.3509872301517
382.9942226486261
378.4244650980515
372.5494818650946
367.0250684454279
364.10263064619954
360.8191943691288
355.5329401950867
350.45536851632465
348.1895453771546
346.55192759670086
342.3145950597763
337.8947558535418
340.95681309513805
334.81198957282965
323.31550282170923
317.3113863362366
315.83855996940605
315.9648265655996
314.57399104733406
312.0927243434992
309.2917864828385
310.325224350291
308.2411647877057
307.1810846127684
306.30384734259906
306.4827877500932
306.2802850510867
305.02414550694897
305.3893312218946
303.3835555196233
301.33686264560674
299.35642794373786
298.8466360478108
295.40358128736057
293.97815446939484
293.5829049754737
291.3475347392765
292.15126323665834
293.0760286337636
295.90823268783504
305.1749474500755
315.84374789920776
323.59927956647294
327.5372826730115
316.0113524220528
308.3624965912132"
